year,date_jul,date,plot,rotation,nh4_kg_n_ha,no3_kg_n_ha,,plot_old
2018,199,18/07/2018,P1,Conventional,1.628456594,38.84323656,,
2018,199,18/07/2018,P2,Conventional,1.86754157,48.34705857,,
2018,199,18/07/2018,P3,Diverse,1.85858678,57.17470441,,
2018,199,18/07/2018,P4,Diverse,1.572689502,64.76979455,,
2018,227,15/08/2018,P1,Conventional,1.794770924,27.41413125,,
2018,227,15/08/2018,P2,Conventional,2.084203591,32.46962289,,
2018,227,15/08/2018,P3,Diverse,2.065017926,38.92884516,,
2018,227,15/08/2018,P4,Diverse,2.159877976,32.68737923,,
2018,292,19/10/2018,P1,Conventional,3.978730033,18.42068132,,
2018,292,19/10/2018,P2,Conventional,3.488456199,17.92811201,,
2018,292,19/10/2018,P3,Diverse,3.663271404,20.10019941,,
2018,292,19/10/2018,P4,Diverse,3.522057296,18.34023692,,
2018,304,31/10/2018,P1,Conventional,3.121214601,13.73008763,,
2018,304,31/10/2018,P2,Conventional,3.260847907,11.20629805,,
2018,304,31/10/2018,P3,Diverse,2.593453921,14.85692533,,
2018,304,31/10/2018,P4,Diverse,3.449467062,12.16190155,,
2019,94,4/4/2019,P1,Conventional,2.263699169,9.039493937,,
2019,94,4/4/2019,P2,Conventional,3.033239615,4.484484094,,
2019,94,4/4/2019,P3,Diverse,1.523636439,9.613651252,,
2019,94,4/4/2019,P4,Diverse,3.376876828,5.983566178,,
2019,120,30/04/2019,P1,Conventional,2.278167418,12.64230856,,
2019,120,30/04/2019,P2,Conventional,2.546792183,9.257045617,,
2019,120,30/04/2019,P3,Diverse,1.787526587,12.16717961,,
2019,120,30/04/2019,P4,Diverse,2.631001018,11.41057637,,
2019,144,24/05/2019,P1,Conventional,2.292635667,16.24512318,,
2019,144,24/05/2019,P2,Conventional,2.060344751,14.02960714,,
2019,144,24/05/2019,P3,Diverse,2.051416734,14.72070797,,
2019,144,24/05/2019,P4,Diverse,1.885125208,16.83758656,,
2019,155,4/6/2019,P1,Conventional,3.569713782,25.61596279,,
2019,155,4/6/2019,P2,Conventional,2.821057577,25.81192461,,
2019,155,4/6/2019,P3,Diverse,3.290250051,26.91898059,,
2019,155,4/6/2019,P4,Diverse,3.139542577,29.07235868,,
2019,178,27/06/2019,P1,Conventional,1.969458865,26.34797379,,
2019,178,27/06/2019,P2,Conventional,1.960407527,33.38032618,,
2019,178,27/06/2019,P3,Diverse,2.271609168,33.88162261,,
2019,178,27/06/2019,P4,Diverse,2.293417609,32.93686157,,
2019,203,22/07/2019,P1,Conventional,3.869633729,28.56947947,,
2019,203,22/07/2019,P2,Conventional,2.48978459,28.07423252,,
2019,203,22/07/2019,P3,Diverse,2.332791823,27.99235785,,
2019,203,22/07/2019,P4,Diverse,2.461999172,27.56754424,,
2019,234,22/08/2019,P1,Conventional,5.026309949,2.94994615,,
2019,234,22/08/2019,P2,Conventional,4.721912805,1.850526028,,
2019,234,22/08/2019,P3,Diverse,5.463879991,1.378548434,,
2019,234,22/08/2019,P4,Diverse,5.092483833,5.867401553,,
2019,273,30/09/2019,P1,Conventional,3.332552607,23.56658125,,
2019,273,30/09/2019,P2,Conventional,3.615153775,25.60187637,,
2019,273,30/09/2019,P3,Diverse,3.079370301,22.122218,,
2019,273,30/09/2019,P4,Diverse,4.711464339,29.59281835,,
2019,304,31/10/2019,P1,Conventional,2.137053094,13.14976405,,
2019,304,31/10/2019,P2,Conventional,2.226208528,16.20728963,,
2019,304,31/10/2019,P3,Diverse,3.343096944,14.32407278,,
2019,304,31/10/2019,P4,Diverse,2.330082307,17.19871585,,
2020,91,31/03/2020,P1,Conventional,4.285958226,16.49315154,,
2020,91,31/03/2020,P2,Conventional,4.007830305,18.03995659,,
2020,91,31/03/2020,P3,Diverse,10.5370402,22.58862154,,
2020,91,31/03/2020,P4,Diverse,8.824329079,25.39116199,,
2020,121,30/04/2020,P1,Conventional,6.434863359,19.83653904,,
2020,121,30/04/2020,P2,Conventional,5.789452083,19.87262355,,
2020,121,30/04/2020,P3,Diverse,17.73098346,30.85317031,,
2020,121,30/04/2020,P4,Diverse,15.31857585,33.58360814,,
2020,147,26/05/2020,P1,Conventional,5.294869428,18.97931415,,
2020,147,26/05/2020,P2,Conventional,5.96992321,18.00977996,,
2020,147,26/05/2020,P3,Diverse,6.367933244,6.078024993,,
2020,147,26/05/2020,P4,Diverse,7.52511143,2.787589771,,
2020,181,29/06/2020,P1,Conventional,4.622005139,28.83755392,,
2020,181,29/06/2020,P2,Conventional,4.589383763,26.11006357,,
2020,181,29/06/2020,P3,Diverse,5.284327445,5.170992093,,
2020,181,29/06/2020,P4,Diverse,4.417379597,6.009151012,,
2020,210,28/07/2020,P1,Conventional,8.305557308,6.26982259,,
2020,210,28/07/2020,P2,Conventional,7.885396541,4.933663406,,
2020,210,28/07/2020,P3,Diverse,8.416873667,5.593590777,,
2020,210,28/07/2020,P4,Diverse,8.834618322,8.41052359,,
2020,247,3/9/2020,P1,Conventional,8.294874277,8.707301879,,
2020,247,3/9/2020,P2,Conventional,9.145138669,12.16725512,,
2020,247,3/9/2020,P3,Diverse,8.587449211,27.58005723,,
2020,247,3/9/2020,P4,Diverse,8.341657942,31.92084499,,
2020,305,31/10/2020,P1,Conventional,9.035383111,12.02610693,,
2020,305,31/10/2020,P2,Conventional,8.382441685,11.11166084,,
2020,305,31/10/2020,P3,Diverse,10.88023856,1.531934517,,
2020,305,31/10/2020,P4,Diverse,10.55056624,3.451204165,,
2020,311,6/11/2020,P1,Conventional,6.503946185,13.44591708,,
2020,311,6/11/2020,P2,Conventional,6.094499772,14.15139289,,
2020,311,6/11/2020,P3,Diverse,7.267503442,6.635640651,,
2020,311,6/11/2020,P4,Diverse,6.802700878,8.922465754,,
2020,337,2/12/2020,P1,Conventional,8.101386983,10.79057751,,
2020,337,2/12/2020,P2,Conventional,8.64825434,8.103148941,,
2020,337,2/12/2020,P3,Diverse,12.36868699,2.621663865,,
2020,337,2/12/2020,P4,Diverse,9.502248699,2.77321294,,
2021,80,21/03/2021,P1,Conventional,8.273306196,4.719555037,,
2021,80,21/03/2021,P2,Conventional,7.024812959,2.490061728,,
2021,80,21/03/2021,P3,Diverse,10.09573676,3.091007292,,
2021,80,21/03/2021,P4,Diverse,9.539778831,2.941057377,,
2021,88,29/03/2021,P1,Conventional,8.516102574,8.493339717,,
2021,88,29/03/2021,P2,Conventional,7.659940657,7.119804579,,
2021,88,29/03/2021,P3,Diverse,9.358269183,2.248278082,,
2021,88,29/03/2021,P4,Diverse,8.061563748,4.97149472,,
2021,120,30/04/2021,P1,Conventional,11.12641541,23.22647119,,
2021,120,30/04/2021,P2,Conventional,5.30248082,17.6914009,,
2021,120,30/04/2021,P3,Diverse,6.575739552,4.009350992,,
2021,120,30/04/2021,P4,Diverse,6.525548603,5.421258474,,
2021,162,11/6/2021,P1,Conventional,6.885185252,69.64163507,,
2021,162,11/6/2021,P2,Conventional,5.54319947,60.85899472,,
2021,162,11/6/2021,P3,Diverse,7.872380822,37.34149213,,
2021,162,11/6/2021,P4,Diverse,8.114044456,38.22590707,,
2021,173,22/06/2021,P1,Conventional,97.15041004,45.01252664,,
2021,173,22/06/2021,P2,Conventional,74.49485686,43.39847452,,
2021,173,22/06/2021,P3,Diverse,67.91080236,40.61697541,,
2021,173,22/06/2021,P4,Diverse,72.86708845,39.53623409,,
2021,179,28/06/2021,P1,Conventional,104.8218587,67.36892996,,
2021,179,28/06/2021,P2,Conventional,55.33812505,46.30826155,,
2021,179,28/06/2021,P3,Diverse,34.96024534,27.16962642,,
2021,179,28/06/2021,P4,Diverse,61.5603924,30.02600758,,
2021,190,9/7/2021,P1,Conventional,46.2247242,38.77976749,,
2021,190,9/7/2021,P2,Conventional,29.93573013,29.74035141,,
2021,190,9/7/2021,P3,Diverse,27.4393786,30.26316273,,
2021,190,9/7/2021,P4,Diverse,28.10345029,35.56065749,,
2021,196,15/07/2021,P1,Conventional,30.17391538,37.67178162,,
2021,196,15/07/2021,P2,Conventional,22.2476725,30.8220605,,
2021,196,15/07/2021,P3,Diverse,23.69998252,33.36136814,,
2021,196,15/07/2021,P4,Diverse,21.21595479,31.22613362,,
2021,209,28/07/2021,P1,Conventional,20.63333871,28.09393353,,
2021,209,28/07/2021,P2,Conventional,19.74126811,21.36893397,,
2021,209,28/07/2021,P3,Diverse,19.37492824,19.23208243,,
2021,209,28/07/2021,P4,Diverse,18.5706855,21.58246148,,
2021,250,7/9/2021,P1,Conventional,5.519143931,58.1789692,,
2021,250,7/9/2021,P2,Conventional,6.670430648,46.57386125,,
2021,250,7/9/2021,P3,Diverse,5.402016123,26.95041253,,
2021,250,7/9/2021,P4,Diverse,6.090906102,28.80024278,,
2021,279,6/10/2021,P1,Conventional,7.619167745,12.64431816,,
2021,279,6/10/2021,P2,Conventional,6.013211544,19.32883217,,
2021,279,6/10/2021,P3,Diverse,6.394203075,15.98644188,,
2021,279,6/10/2021,P4,Diverse,7.323225988,6.986304493,,
2021,304,31/10/2021,P1,Conventional,15.29339196,13.26122685,,
2021,304,31/10/2021,P2,Conventional,7.952790914,10.57397375,,
2021,304,31/10/2021,P3,Diverse,6.812568266,9.090575248,,
2021,304,31/10/2021,P4,Diverse,7.055934861,13.12008506,,
2021,335,1/12/2021,P1,Conventional,8.237322853,6.780963853,,
2021,335,1/12/2021,P2,Conventional,8.285068923,8.645684737,,
2021,335,1/12/2021,P3,Diverse,10.03463324,12.83164037,,
2021,335,1/12/2021,P4,Diverse,10.00177341,11.57337881,,
2022,80,21/03/2022,P1,Conventional,3.731454322,8.107389827,,
2022,80,21/03/2022,P2,Conventional,3.958327,7.062959246,,
2022,80,21/03/2022,P3,Diverse,3.42214767,7.665026719,,
2022,80,21/03/2022,P4,Diverse,4.635341578,14.30017892,,
2022,97,7/4/2022,P1,Conventional,3.25217003,4.21776183,,
2022,97,7/4/2022,P2,Conventional,2.745266754,3.02724339,,
2022,97,7/4/2022,P3,Diverse,3.106250882,3.940879986,,
2022,97,7/4/2022,P4,Diverse,2.673694638,5.719033522,,
2022,120,30/04/2022,P1,Conventional,3.491812176,6.162575828,,
2022,120,30/04/2022,P2,Conventional,3.351796877,5.045101318,,
2022,120,30/04/2022,P3,Diverse,3.264199276,5.802953353,,
2022,120,30/04/2022,P4,Diverse,3.654518108,10.00960622,,
2022,131,5/11/2022,P1,,2.958130032,8.725825384,shared by Elided,
2022,131,5/11/2022,P2,,1.709662207,11.02006321,shared by Elided,
2022,131,5/11/2022,P3,,1.230648712,7.449597568,shared by Elided,
2022,131,5/11/2022,P4,,1.108499988,7.73656636,shared by Elided,
2022,154,6/3/2022,P1,,0.837572243,18.49222462,shared by Elided,
2022,154,6/3/2022,P2,,1.099654267,21.61479815,shared by Elided,
2022,154,6/3/2022,P3,,0,24.22715162,shared by Elided,
2022,154,6/3/2022,P4,,0,30.84419573,shared by Elided,
2022,188,7/7/2022,P1,,0,18.16992177,shared by Elided,
2022,188,7/7/2022,P2,,0,22.69155038,shared by Elided,
2022,188,7/7/2022,P3,,0,24.10186382,shared by Elided,
2022,188,7/7/2022,P4,,0,26.70370662,shared by Elided,
2022,217,8/5/2022,P1,,0.857878635,15.52738495,shared by Elided,
2022,217,8/5/2022,P2,,0.322194524,19.73628175,shared by Elided,
2022,217,8/5/2022,P3,,0.637978708,19.66309584,shared by Elided,
2022,217,8/5/2022,P4,,1.470841243,18.10942399,shared by Elided,
2022,250,9/7/2022,P1,,0.817723624,19.48445059,shared by Elided,
2022,250,9/7/2022,P2,,0,17.15027583,shared by Elided,
2022,250,9/7/2022,P3,,0.971054021,41.97646441,shared by Elided,
2022,250,9/7/2022,P4,,0.921336061,34.60344812,shared by Elided,
2022,280,10/7/2022,P1,,2.042005303,23.56888646,shared by Elided,
2022,280,10/7/2022,P2,,0.496059946,23.65994835,shared by Elided,
2022,280,10/7/2022,P3,,0.905139129,23.85056902,shared by Elided,
2022,280,10/7/2022,P4,,1.731892011,25.43106798,shared by Elided,
2022,308,11/4/2022,P1,,0,18.88655096,shared by Elided,
2022,308,11/4/2022,P2,,0,18.71249987,shared by Elided,
2022,308,11/4/2022,P3,,0,15.91429578,shared by Elided,
2022,308,11/4/2022,P4,,0,16.58245684,shared by Elided,
2023,109,19/4/2023,P1,,1.701872322,4.830075623,shared by Elided,
2023,109,19/4/2023,P2,,1.010252918,4.479668257,shared by Elided,
2023,109,19/4/2023,P3,,1.830620248,3.393005104,shared by Elided,
2023,109,19/4/2023,P4,,1.824791538,3.158967754,shared by Elided,
2023,135,15/5/2023,P1,,0,8.065174767,shared by Elided,
2023,135,15/5/2023,P2,,0,8.000001537,shared by Elided,
2023,135,15/5/2023,P3,,33.70134309,15.73924246,shared by Elided,
2023,135,15/5/2023,P4,,28.66117195,68.99065943,shared by Elided,
2023,146,26/5/2023,P1,,1.129545913,10.53173233,shared by Elided,
2023,146,26/5/2023,P2,,0.220421103,9.151997169,shared by Elided,
2023,146,26/5/2023,P3,,10.03924639,17.40966289,shared by Elided,
2023,146,26/5/2023,P4,,14.15869093,22.03111487,shared by Elided,
2023,149,29/05/2023,P1,,0,21.257461,shared by Elided,
2023,149,29/05/2023,P2,,0,20.05547579,shared by Elided,
2023,149,29/05/2023,P3,,8.799097181,44.27351488,shared by Elided,
2023,149,29/05/2023,P4,,6.384701473,38.07652286,shared by Elided,
2023,157,6/6/2023,P1,,0.328752463,23.33176458,shared by Elided,
2023,157,6/6/2023,P2,,0,22.29577246,shared by Elided,
2023,157,6/6/2023,P3,,9.219476708,25.12069061,shared by Elided,
2023,157,6/6/2023,P4,,7.411909833,30.16758634,shared by Elided,
2023,165,14/06/2023,P1,,1.091102624,13.94320899,shared by Elided,
2023,165,14/06/2023,P2,,0.425220761,15.23887295,shared by Elided,
2023,165,14/06/2023,P3,,9.942122273,24.87005911,shared by Elided,
2023,165,14/06/2023,P4,,8.239413983,21.98710315,shared by Elided,
2023,170,19/06/2023,P1,,0.617078573,16.12261208,shared by Elided,
2023,170,19/06/2023,P2,,0.445775038,17.42715946,shared by Elided,
2023,170,19/06/2023,P3,,4.036616768,18.23229299,shared by Elided,
2023,170,19/06/2023,P4,,4.014738225,19.4460265,shared by Elided,
2023,180,29/06/2023,P1,,0.341688144,13.14038956,shared by Elided,
2023,180,29/06/2023,P2,,0.068018906,16.11725035,shared by Elided,
2023,180,29/06/2023,P3,,2.917931069,11.89104966,shared by Elided,
2023,180,29/06/2023,P4,,4.2802229,16.11232791,shared by Elided,
2023,185,4/7/2023,P1,,0.831626484,17.68718917,shared by Elided,
2023,185,4/7/2023,P2,,0.37669512,16.7695765,shared by Elided,
2023,185,4/7/2023,P3,,0.697378506,48.32298244,shared by Elided,
2023,185,4/7/2023,P4,,0.905919754,84.56118397,shared by Elided,
2023,191,10/7/2023,P1,,0.457311555,14.17107818,shared by Elided,
2023,191,10/7/2023,P2,,0.526440482,13.22487822,shared by Elided,
2023,191,10/7/2023,P3,,0.387723606,12.78849104,shared by Elided,
2023,191,10/7/2023,P4,,0.584899135,10.90340736,shared by Elided,
2023,198,17/7/2023,P1,,1.79761872,8.142644738,shared by Elided,
2023,198,17/7/2023,P2,,0.911242945,8.254836035,shared by Elided,
2023,198,17/7/2023,P3,,0.244402495,9.883994792,shared by Elided,
2023,198,17/7/2023,P4,,1.009456634,10.02282666,shared by Elided,
2023,209,28/7/2023,P1,,3.997058245,8.490009562,shared by Elided,
2023,209,28/7/2023,P2,,2.490335252,8.656452436,shared by Elided,
2023,209,28/7/2023,P3,,1.653326827,11.04591869,shared by Elided,
2023,209,28/7/2023,P4,,1.380888105,12.12642184,shared by Elided,
2023,222,10/8/2023,P1,,3.146231259,4.776740228,shared by Elided,
2023,222,10/8/2023,P2,,3.403728197,6.38038268,shared by Elided,
2023,222,10/8/2023,P3,,1.678387116,9.242559926,shared by Elided,
2023,222,10/8/2023,P4,,2.036992634,11.89568883,shared by Elided,
2023,257,14/9/2023,P1,,1.614493489,5.737320664,shared by Elided,
2023,257,14/9/2023,P2,,1.474273202,9.623916986,shared by Elided,
2023,257,14/9/2023,P3,,1.025376986,15.88652612,shared by Elided,
2023,257,14/9/2023,P4,,0.677745411,18.90341574,shared by Elided,
2023,275,2/10/2023,P1,,0.273768904,14.15423786,shared by Elided,
2023,275,2/10/2023,P2,,0.113726418,12.1843582,shared by Elided,
2023,275,2/10/2023,P3,,0.467683802,7.197796985,shared by Elided,
2023,275,2/10/2023,P4,,0.349324904,8.727055333,shared by Elided,
2023,334,30/11/2023,P1,,0,10.01519964,shared by Elided,
2023,334,30/11/2023,P2,,0,8.456940128,shared by Elided,
2023,334,30/11/2023,P3,,0.080220487,7.890853605,shared by Elided,
2023,334,30/11/2023,P4,,0,8.591045775,shared by Elided,
2000,154,,NA,,1.022,17.234,,P1
2000,168,,NA,,0.566,33.634,,P1
2000,186,,NA,,1.686,33.596,,P1
2000,200,,NA,,0.706,38.868,,P1
2000,214,,NA,,1.79,23.25,,P1
2000,228,,NA,,3.868,15.656,,P1
2000,243,,NA,,3.432,11.135,,P1
2000,257,,NA,,0.824,18.88,,P1
2000,270,,NA,,1.212,18.5,,P1
2000,285,,NA,,1.496,17.918,,P1
2001,120,,NA,,2.434,8.71,,P1
2001,138,,NA,,0.311,15.379,,P1
2001,149,,NA,,1.212,6.368,,P1
2001,163,,NA,,0.408,9.824,,P1
2001,177,,NA,,0.478,15.538,,P1
2001,191,,NA,,1.549,6.505,,P1
2001,205,,NA,,0.795,1.734,,P1
2001,219,,NA,,0.193,1.437,,P1
2001,233,,NA,,0.196,2.188,,P1
2001,248,,NA,,0.611,1.637,,P1
2001,262,,NA,,0.546,4.73,,P1
2001,284,,NA,,0,2.158,,P1
2001,303,,NA,,0.287,1.993,,P1
2001,317,,NA,,0.421,1.747,,P1
2001,331,,NA,,0.475,4.612,,P1
2001,343,,NA,,2.055,2.075,,P1
2002,25,,NA,,0.508,4.145,,P1
2002,60,,NA,,2.46,1.639,,P1
2002,72,,NA,,0.365,2.197,,P1
2002,105,,NA,,0.327,0.773,,P1
2002,119,,NA,,6.934,1.947,,P1
2002,142,,NA,,0.077,4.397,,P1
2002,154,,NA,,0.536,4.597,,P1
2002,169,,NA,,0.648,4.896,,P1
2002,184,,NA,,0.355,2.577,,P1
2002,197,,NA,,0.202,0.502,,P1
2002,235,,NA,,0.628,3.335,,P1
2002,260,,NA,,1.174,1.516,,P1
2002,288,,NA,,0.604,0.727,,P1
2002,310,,NA,,1.433,1.51,,P1
2002,331,,NA,,0.933,3.02,,P1
2002,353,,NA,,0.034,4.005,,P1
2003,7,,NA,,1.381,4.072,,P1
2003,28,,NA,,0.9,4.268,,P1
2003,48,,NA,,1.296,6.39,,P1
2003,69,,NA,,2.193,4.475,,P1
2003,83,,NA,,0.247,4.69,,P1
2003,112,,NA,,0.206,4.304,,P1
2003,125,,NA,,1.092,5.992,,P1
2003,140,,NA,,14.187,22.105,,P1
2003,154,,NA,,2.542,68.346,,P1
2003,167,,NA,,0.251,60.811,,P1
2003,183,,NA,,0.215,55.362,,P1
2003,211,,NA,,0.301,46.934,,P1
2003,223,,NA,,2.345,26.416,,P1
2003,238,,NA,,1.358,10.958,,P1
2003,253,,NA,,0.283,14.048,,P1
2003,267,,NA,,0.735,5.726,,P1
2003,278,,NA,,0.694,2.22,,P1
2004,2,,NA,,0.378,3.423,,P1
2004,62,,NA,,1.197,2.7,,P1
2004,111,,NA,,0.222,1.657,,P1
2004,126,,NA,,0.348,2.405,,P1
2004,147,,NA,,1.964,1.222,,P1
2004,159,,NA,,0.333,5.222,,P1
2004,175,,NA,,2.57,4.753,,P1
2004,189,,NA,,0,3.938,,P1
2004,201,,NA,,0.5,3.257,,P1
2004,223,,NA,,0.237,0.422,,P1
2004,237,,NA,,0.688,0.524,,P1
2004,260,,NA,,0.479,2.427,,P1
2004,302,,NA,,0.244,4.294,,P1
2005,129,,NA,,0.060118042,4.954587896,,P1
2005,143,,NA,,66.3764725,74.81696661,,P1
2005,205,,NA,,2.792080737,2.792080737,,P1
2005,214,,NA,,1.627999617,1.675303955,,P1
2006,44,,NA,,0.672283925,0.416119125,,P1
2006,72,,NA,,3.979929733,0.14664321,,P1
2006,122,,NA,,0.156209252,5.300045768,,P1
2006,135,,NA,,0,51.15919967,,P1
2006,169,,NA,,0.015625846,8.943704134,,P1
2006,270,,NA,,0.036700541,2.123773393,,P1
2006,323,,NA,,0.008241781,46.25165784,,P1
2009,139,,NA,,0.055568786,2.592849808,,P1
2009,153,,NA,,3.932575101,0.320847163,,P1
2009,166,,NA,,1.995755477,4.153347128,,P1
2009,174,,NA,,3.500402299,4.528761457,,P1
2009,185,,NA,,2.403614036,5.126989995,,P1
2009,194,,NA,,3.576519806,5.459589342,,P1
2009,210,,NA,,4.311622449,5.177102256,,P1
2009,222,,NA,,4.141296398,8.290135269,,P1
2009,238,,NA,,0,13.195189,,P1
2009,267,,NA,,4.21507842,1.112299672,,P1
2009,277,,NA,,0,10.70069652,,P1
2009,282,,NA,,22.96750333,0.930947546,,P1
2009,301,,NA,,0,9.251938392,,P1
2009,308,,NA,,1.065930182,11.24159895,,P1
2009,315,,NA,,0.48931525,3.019432139,,P1
2010,14,,NA,,5.794930579,1.61786911,,P1
2010,62,,NA,,3.550932046,1.567728234,,P1
2010,75,,NA,,3.980435681,0.955684942,,P1
2010,137,,NA,,4.31829163,7.526677172,,P1
2012,83,,NA,,2.261247052,7.645217166,,P1
2012,113,,NA,,2.261247052,7.645217166,,P1
2012,170,,NA,,2.632007237,4.356805281,,P1
2012,175,,NA,,2.63,4.36,,P1
2013,150,,NA,,13.05,16.4,,P1
2013,220,,NA,,10.28,17.3,,P1
2013,289,,NA,,3.92,28.8,,P1
2013,302,,NA,,6.23,26.3,,P1
2014,126,,NA,,2.086607296,9.370651149,,P1
2014,145,,NA,,1.200861573,12.21841052,,P1
2014,175,,NA,,0.051355014,0.768394309,,P1
2014,211,,NA,,0.851819936,7.276219742,,P1
2014,281,,NA,,0.55617259,4.549364522,,P1
2015,125,,P1,,2.378504991,4.151034451,,P1
2015,135,,P1,,56.10909553,12.10841085,,P1
2015,141,,P1,,37.47561119,25.78439921,,P1
2015,148,,P1,,31.37055402,45.1851458,,P1
2015,155,,P1,,16.96646445,45.56411134,,P1
2015,162,,P1,,0.972192853,59.12453875,,P1
2015,169,,P1,,0.386935209,26.96791786,,P1
2015,180,,P1,,0.578588095,14.19540664,,P1
2015,190,,P1,,NaN,NaN,,P1
2015,197,,P1,,NaN,NaN,,P1
2015,204,,P1,,1.713137245,1.216771837,,P1
2015,223,,P1,,2.9891513,3.275549465,,P1
2015,253,,P1,,3.959925253,2.914948453,,P1
2015,320,,P1,,1.159798367,2.900557828,,P1
2016,39,,P1,,2.634570376,2.085423498,,P1
2016,111,,P1,,2.858190657,3.193658835,,P1
2016,134,,P1,,25.91572921,10.89250793,,P1
2016,147,,P1,,9.278804391,35.9451386,,P1
2016,153,,P1,,5.836272182,63.02551204,,P1
2016,160,,P1,,3.60055822,53.22468301,,P1
2016,169,,P1,,1.45510958,75.18630631,,P1
2016,172,,P1,,NaN,NaN,,P1
2016,179,,P1,,1.298816647,57.19042097,,P1
2016,193,,P1,,0.567271656,38.68120414,,P1
2016,200,,P1,,0.371218985,38.8995261,,P1
2016,215,,P1,,3.03,32.95000134,,P1
2016,236,,P1,,NaN,NaN,,P1
2016,265,,P1,,2.09,18.4119399,,P1
2016,300,,P1,,2.782477202,8.852533883,,P1
2017,103,,P1,,2.29,2.100776163,,P1
2017,129,,P1,,1.654130342,4.861968257,,P1
2017,139,,P1,,20.21376252,13.66702715,,P1
2017,144,,P1,,5.633739168,65.82450392,,P1
2017,151,,P1,,2.299745077,41.55263333,,P1
2017,158,,P1,,2.8619893,54.78433607,,P1
2017,165,,P1,,2.068260142,54.40548557,,P1
2017,172,,P1,,1.823260092,38.0907359,,P1
2017,186,,P1,,1.75691185,34.34464671,,P1
2017,193,,P1,,3.388642859,65.03040132,,P1
2017,200,,P1,,NaN,NaN,,P1
2017,207,,P1,,0.758759177,31.36605259,,P1
2017,214,,P1,,NaN,NaN,,P1
2017,226,,P1,,2.329894816,1.894475045,,P1
2017,333,,P1,,-0.080940042,1.16406444,,P1
2000,154,,P1,,2.162,12.858,,P2
2000,168,,P1,,0.536,10.514,,P2
2000,186,,P1,,2.192,9.924,,P2
2000,200,,P1,,1.382,17.49,,P2
2000,214,,P1,,1.27,11.018,,P2
2000,228,,P1,,5.15,5.966,,P2
2000,243,,P1,,3.594,6.941,,P2
2000,257,,P1,,0.166,16.82,,P2
2000,270,,P1,,1.758,18.1,,P2
2000,285,,P1,,2.9,13.132,,P2
2001,120,,P1,,1.483,6.393,,P2
2001,138,,P1,,0.299,8.975,,P2
2001,149,,P1,,2.369,7.306,,P2
2001,163,,P1,,0.529,8.039,,P2
2001,177,,P1,,0.528,13.828,,P2
2001,191,,P1,,1.908,9.668,,P2
2001,205,,P1,,0.906,3.747,,P2
2001,219,,P1,,0.181,1.562,,P2
2001,233,,P1,,0.115,2.439,,P2
2001,248,,P1,,0.12,3.524,,P2
2001,262,,P1,,0.505,5.019,,P2
2001,284,,P1,,0,4.199,,P2
2001,303,,P1,,0.301,2.841,,P2
2001,317,,P1,,0.507,2.536,,P2
2001,331,,P1,,0.647,6.928,,P2
2001,343,,P1,,1.314,3.195,,P2
2002,25,,P1,,1.174,7.764,,P2
2002,60,,P1,,0.22,3.68,,P2
2002,72,,P1,,0.704,2.459,,P2
2002,105,,P1,,0.607,1.21,,P2
2002,119,,P1,,18.705,6.649,,P2
2002,142,,P1,,0.055,6.288,,P2
2002,154,,P1,,0.524,8.908,,P2
2002,169,,P1,,1.692,8.691,,P2
2002,184,,P1,,0.218,4.119,,P2
2002,197,,P1,,0.454,1.983,,P2
2002,235,,P1,,0.195,4.805,,P2
2002,260,,P1,,0.955,9.646,,P2
2002,288,,P1,,2.093,9.407,,P2
2002,310,,P1,,1.557,2.692,,P2
2002,331,,P1,,1.203,2.425,,P2
2002,353,,P1,,0.048,3.523,,P2
2003,7,,P1,,0.493,2.454,,P2
2003,28,,P1,,1.551,5.07,,P2
2003,48,,P1,,4.33,7.518,,P2
2003,69,,P1,,3.709,3.306,,P2
2003,83,,P1,,0.269,3.719,,P2
2003,112,,P1,,0.557,2.754,,P2
2003,125,,P1,,1.308,3.023,,P2
2003,140,,P1,,0.55,7.141,,P2
2003,154,,P1,,1.504,11.029,,P2
2003,167,,P1,,0.093,15.371,,P2
2003,183,,P1,,0.885,18.937,,P2
2003,211,,P1,,0.785,10.851,,P2
2003,223,,P1,,0.308,13.689,,P2
2003,238,,P1,,1.963,13.035,,P2
2003,253,,P1,,0.012,8.983,,P2
2003,267,,P1,,2.068,3.489,,P2
2003,278,,P1,,1.208,2.043,,P2
2004,12,,P1,,0.271,2.057,,P2
2004,62,,P1,,0.593,5.271,,P2
2004,111,,P1,,0.167,3.341,,P2
2004,126,,P1,,2.056,3.66,,P2
2004,147,,P1,,1.131,3.722,,P2
2004,159,,P1,,0.511,8.456,,P2
2004,175,,P1,,1.127,15.803,,P2
2004,189,,P1,,0.231,15.744,,P2
2004,201,,P1,,0.386,12.826,,P2
2004,223,,P1,,0.92,1.086,,P2
2004,237,,P1,,0.071,0.847,,P2
2004,260,,P1,,0.699,2.447,,P2
2004,302,,P1,,0.664,4.496,,P2
2005,129,,P1,,0,4.420957646,,P2
2005,143,,P1,,18.34292717,63.01995134,,P2
2005,205,,P1,,6.791338985,7.014691469,,P2
2005,214,,P1,,2.077558278,2.213655468,,P2
2006,44,,P1,,2.566797318,0.699851476,,P2
2006,72,,P1,,5.378380224,1.414545607,,P2
2006,122,,P1,,0.077276126,3.350688971,,P2
2006,135,,P1,,0,59.69100905,,P2
2006,169,,P1,,0.087892186,7.872525056,,P2
2006,270,,P1,,0.17690821,2.048797063,,P2
2006,323,,P1,,0.059173432,59.80205872,,P2
2009,139,,P1,,1.554488449,2.592009075,,P2
2009,153,,P1,,0,4.241165353,,P2
2009,166,,P1,,2.226368159,8.206131642,,P2
2009,174,,P1,,2.429006363,10.09673397,,P2
2009,185,,P1,,2.451372132,8.80909552,,P2
2009,194,,P1,,3.921467838,8.055832996,,P2
2009,210,,P1,,2.550357653,13.90466438,,P2
2009,222,,P1,,0.985933413,6.894365346,,P2
2009,238,,P1,,0,19.60159478,,P2
2009,267,,P1,,3.119621942,3.011178741,,P2
2009,277,,P1,,0,17.62357501,,P2
2009,282,,P1,,14.4532137,3.328255796,,P2
2009,301,,P1,,0,12.36828658,,P2
2009,308,,P1,,1.37414855,14.13887416,,P2
2009,315,,P1,,0.523062381,10.89529169,,P2
2010,14,,P1,,1.988564956,9.110074031,,P2
2010,62,,P1,,3.163448631,3.927285836,,P2
2010,75,,P1,,2.749699124,8.509853394,,P2
2010,137,,P1,,3.344434681,11.37758911,,P2
2012,83,,NA,,2.51,7.99,,P2
2012,113,,NA,,2.511856059,7.985041988,,P2
2012,170,,NA,,3.594351298,7.652901877,,P2
2012,175,,NA,,3.56,7.65,,P2
2013,150,,NA,,14.69,13.31,,P2
2013,220,,NA,,12.2,15.55,,P2
2013,289,,NA,,2.76,31.59,,P2
2013,302,,NA,,8.03,22.87,,P2
2014,126,,NA,,1.244349485,7.902925313,,P2
2014,145,,NA,,3.636030323,20.57745598,,P2
2014,175,,NA,,0.044518713,1.117744147,,P2
2014,211,,NA,,0.985980514,7.684834141,,P2
2014,281,,NA,,0.814800807,6.088287658,,P2
2015,125,,P2,,1.757131875,4.004996036,,P2
2015,135,,P2,,120.6384842,12.33103652,,P2
2015,141,,P2,,31.150617,17.8593871,,P2
2015,148,,P2,,27.45446312,42.82089616,,P2
2015,155,,P2,,12.79338528,55.77527337,,P2
2015,162,,P2,,0.256192446,35.54407499,,P2
2015,169,,P2,,0.422144902,21.00272415,,P2
2015,180,,P2,,NaN,NaN,,P2
2015,190,,P2,,1.446426308,4.884091709,,P2
2015,197,,P2,,NaN,NaN,,P2
2015,204,,P2,,NaN,NaN,,P2
2015,223,,P2,,2.673123291,2.727391277,,P2
2015,253,,P2,,3.137525491,2.340334167,,P2
2015,320,,P2,,0.870756498,3.685080027,,P2
2016,39,,P2,,2.576639119,1.88518485,,P2
2016,111,,P2,,1.265765379,2.719849192,,P2
2016,134,,P2,,30.73002151,12.73702583,,P2
2016,147,,P2,,3.041550436,40.26320841,,P2
2016,153,,P2,,1.532489221,40.12955836,,P2
2016,160,,P2,,1.55416451,35.23363768,,P2
2016,169,,P2,,1.618106799,52.79152103,,P2
2016,172,,P2,,NaN,NaN,,P2
2016,179,,P2,,0.910635613,53.81989144,,P2
2016,193,,P2,,0.260673737,34.65123498,,P2
2016,200,,P2,,0.48860175,34.65607159,,P2
2016,215,,P2,,1.7923268,31.17728485,,P2
2016,236,,P2,,2.509857106,40.86105583,,P2
2016,265,,P2,,1.229255671,19.60051439,,P2
2016,300,,P2,,0.296145302,7.671832147,,P2
2017,103,,P2,,2.066864965,1.816440679,,P2
2017,129,,P2,,5.447363393,3.421114715,,P2
2017,139,,P2,,34.73443032,15.36855559,,P2
2017,144,,P2,,9.008477456,80.29986004,,P2
2017,151,,P2,,2.512092072,131.9645653,,P2
2017,158,,P2,,2.120842823,97.36816957,,P2
2017,165,,P2,,0.691091969,78.65671002,,P2
2017,172,,P2,,2.036674254,58.4208543,,P2
2017,186,,P2,,4.267110756,12.33518851,,P2
2017,193,,P2,,1.834332951,24.9837038,,P2
2017,200,,P2,,NaN,NaN,,P2
2017,207,,P2,,3.87216375,14.01869811,,P2
2017,214,,P2,,NaN,NaN,,P2
2017,226,,P2,,-0.297476097,3.553198927,,P2
2017,333,,P2,,-0.104132272,1.532795432,,P2
2000,154,,P3,,1.128,13.94,,P3
2000,168,,P3,,1.518,10.718,,P3
2000,186,,P3,,1.378,7.766,,P3
2000,200,,P3,,0.762,7.728,,P3
2000,214,,P3,,2.81,8.064,,P3
2000,228,,P3,,5.638,5.442,,P3
2000,243,,P3,,3.366,7.438,,P3
2000,257,,P3,,0.898,18.42,,P3
2000,270,,P3,,1.29,13.02,,P3
2000,285,,P3,,1.012,9.392,,P3
2001,120,,P3,,0.778,7.354,,P3
2001,138,,P3,,0.213,10.068,,P3
2001,149,,P3,,1.713,7.093,,P3
2001,163,,P3,,0.547,6.768,,P3
2001,177,,P3,,0.525,10.811,,P3
2001,191,,P3,,0.454,6.929,,P3
2001,205,,P3,,1.231,4.275,,P3
2001,219,,P3,,1.057,3.027,,P3
2001,233,,P3,,0.1,0.814,,P3
2001,248,,P3,,0.484,3.471,,P3
2001,262,,P3,,0.075,7.424,,P3
2001,284,,P3,,0.701,3.132,,P3
2001,303,,P3,,0.804,3.206,,P3
2001,317,,P3,,0.494,1.935,,P3
2001,331,,P3,,0.586,6.649,,P3
2001,343,,P3,,0.592,2.4,,P3
2002,25,,P3,,1.55,5.646,,P3
2002,60,,P3,,1.357,3.453,,P3
2002,72,,P3,,0.621,3.606,,P3
2002,105,,P3,,0.117,2.586,,P3
2002,119,,P3,,6.646,3.016,,P3
2002,142,,P3,,0.107,7.091,,P3
2002,154,,P3,,0.361,6.549,,P3
2002,169,,P3,,0.645,6.923,,P3
2002,184,,P3,,0.195,2.857,,P3
2002,197,,P3,,0.728,1.231,,P3
2002,235,,P3,,0.898,5.547,,P3
2002,260,,P3,,1.092,10.09,,P3
2002,288,,P3,,0.558,3.274,,P3
2002,310,,P3,,1.733,2.655,,P3
2002,331,,P3,,1.493,0.844,,P3
2002,353,,P3,,0.17,1.62,,P3
2003,7,,P3,,1.149,1.364,,P3
2003,28,,P3,,1.388,1.978,,P3
2003,48,,P3,,NaN,NaN,,P3
2003,69,,P3,,4.399,1.685,,P3
2003,83,,P3,,1.424,3.223,,P3
2003,112,,P3,,0.464,1.507,,P3
2003,125,,P3,,0.08,1.081,,P3
2003,140,,P3,,0.534,5.288,,P3
2003,154,,P3,,1.326,7.406,,P3
2003,167,,P3,,0.439,10.828,,P3
2003,183,,P3,,0.213,16.953,,P3
2003,211,,P3,,0.76,20.038,,P3
2003,223,,P3,,0.302,13.009,,P3
2003,238,,P3,,1.528,8.341,,P3
2003,253,,P3,,0.145,3.489,,P3
2003,267,,P3,,0.783,5.173,,P3
2003,278,,P3,,0.915,2.78,,P3
2004,12,,P3,,0.377,4.538,,P3
2004,62,,P3,,0.637,4.584,,P3
2004,111,,P3,,0,3.038,,P3
2004,126,,P3,,0.643,4.375,,P3
2004,147,,P3,,1.749,2.852,,P3
2004,159,,P3,,0.54,8.06,,P3
2004,175,,P3,,0.243,10.345,,P3
2004,189,,P3,,0,9.153,,P3
2004,201,,P3,,0.021,10.324,,P3
2004,223,,P3,,0.537,0.931,,P3
2004,237,,P3,,0.082,0.777,,P3
2004,260,,P3,,1.44,2.414,,P3
2004,302,,P3,,0.73,3.716,,P3
2005,129,,P3,,0.639323565,6.830979335,,P3
2005,143,,P3,,19.79078004,57.61166591,,P3
2005,205,,P3,,9.963240911,10.37143218,,P3
2005,214,,P3,,33.03623883,33.90077101,,P3
2006,44,,P3,,4.521541566,0.10136735,,P3
2006,72,,P3,,6.144474375,0.319923339,,P3
2006,122,,P3,,3.096979013,4.708629001,,P3
2006,135,,P3,,0.003415297,64.98823207,,P3
2006,169,,P3,,0.104709562,8.161623736,,P3
2006,270,,P3,,0.524620356,2.319032161,,P3
2006,323,,P3,,0.015723754,44.97658652,,P3
2009,139,,P3,,2.301455638,4.942890887,,P3
2009,153,,P3,,0.534651873,4.789006221,,P3
2009,166,,P3,,4.568489785,10.12357325,,P3
2009,174,,P3,,2.250809425,14.71014606,,P3
2009,185,,P3,,1.590669472,17.68751541,,P3
2009,194,,P3,,4.140566897,19.28017665,,P3
2009,210,,P3,,1.015580108,12.28555933,,P3
2009,222,,P3,,1.43902446,21.19537766,,P3
2009,238,,P3,,0,18.51241669,,P3
2009,267,,P3,,0.874915569,1.442423724,,P3
2009,277,,P3,,0,15.50452295,,P3
2009,282,,P3,,12.68744332,4.556974544,,P3
2009,301,,P3,,0,12.72499768,,P3
2009,308,,P3,,0.798768529,14.44116442,,P3
2009,315,,P3,,1.24355973,9.657177025,,P3
2010,14,,P3,,1.470721672,9.709417036,,P3
2010,62,,P3,,2.325901928,3.967204358,,P3
2010,75,,P3,,1.094609716,8.476754241,,P3
2010,137,,P3,,2.24695192,13.89335094,,P3
2012,83,,P1,,1,13.06,,P3
2012,113,,P1,,1.003898819,13.05734054,,P3
2012,177,,P1,,0.824235166,24.22333706,,P3
2012,175,,P1,,0.82,24.22,,P3
2013,150,,P1,,5.66,98.54,,P3
2013,220,,P1,,3.94,14.93,,P3
2013,289,,P1,,1.48,,,P3
2013,302,,P1,,0.65,26,,P3
2014,126,,P1,,0.665569972,5.191679185,,P3
2014,145,,P1,,0.25005927,11.74901592,,P3
2014,175,,P1,,0.046573919,1.321476648,,P3
2014,224,,P1,,0.026110456,0.107620935,,P3
2014,281,,P1,,0.454687494,5.948202366,,P3
2015,125,,P3,,2.234279549,4.627436241,,P3
2015,135,,P3,,2.902503459,7.810736265,,P3
2015,141,,P3,,3.576367554,8.757455541,,P3
2015,148,,P3,,0.492306843,10.55002323,,P3
2015,155,,P3,,2.373994487,7.509243639,,P3
2015,162,,P3,,1.377173905,6.749070432,,P3
2015,169,,P3,,1.794978902,4.242648713,,P3
2015,180,,P3,,54.23637724,23.85804049,,P3
2015,190,,P3,,29.51767883,20.29235188,,P3
2015,197,,P3,,19.26106445,24.40965974,,P3
2015,204,,P3,,9.143655347,11.58666835,,P3
2015,223,,P3,,2.901612389,6.25844933,,P3
2015,253,,P3,,2.522642797,1.044907003,,P3
2015,320,,P3,,0.845648014,3.456354324,,P3
2016,39,,P3,,1.759088484,2.463259194,,P3
2016,111,,P3,,1.331971921,2.675019689,,P3
2016,134,,P3,,2.661287336,7.381211659,,P3
2016,147,,P3,,1.467019096,9.595703275,,P3
2016,153,,P3,,1.949685293,13.20389911,,P3
2016,160,,P3,,1.381832761,13.58903536,,P3
2016,169,,P3,,NaN,NaN,,P3
2016,172,,P3,,80.25897265,54.94047024,,P3
2016,179,,P3,,102.9441637,64.29351526,,P3
2016,193,,P3,,61.94619514,42.68366664,,P3
2016,200,,P3,,56.14569902,39.65954308,,P3
2016,215,,P3,,25.35784177,31.44461506,,P3
2016,236,,P3,,11.87189219,35.25125747,,P3
2016,265,,P3,,3.372405567,3.757045992,,P3
2016,300,,P3,,1.245316069,16.36536027,,P3
2017,103,,P3,,2.56621301,3.877516986,,P3
2017,129,,P3,,2.689775381,4.984404682,,P3
2017,139,,P3,,1.256530873,13.34839271,,P3
2017,144,,P3,,0.850692112,17.8759616,,P3
2017,151,,P3,,2.865506356,16.66174099,,P3
2017,158,,P3,,2.668625131,17.33585622,,P3
2017,165,,P3,,2.441081602,27.27644553,,P3
2017,172,,P3,,2.884459637,16.01783943,,P3
2017,186,,P3,,9.757876811,33.29965286,,P3
2017,193,,P3,,60.54483052,69.71852705,,P3
2017,200,,P3,,35.04,30.55657803,,P3
2017,207,,P3,,14.05401716,72.27370537,,P3
2017,214,,P3,,12.021312,27.86062422,,P3
2017,226,,P3,,15.59103199,25.00675851,,P3
2017,333,,P3,,1.239034049,3.765678812,,P3
2000,154,,NA,,1.314,11.138,,P4
2000,168,,NA,,1.24,41.704,,P4
2000,186,,NA,,1.066,42.262,,P4
2000,200,,NA,,0.918,37.802,,P4
2000,214,,NA,,2.384,20.7,,P4
2000,228,,NA,,7.532,26.356,,P4
2000,243,,NA,,1.138,10.317,,P4
2000,257,,NA,,3.116,19.42,,P4
2000,270,,NA,,0.876,19.24,,P4
2000,285,,NA,,2.512,14.364,,P4
2001,120,,NA,,0.106,11.202,,P4
2001,138,,NA,,0.295,14.49,,P4
2001,149,,NA,,0.875,7.419,,P4
2001,163,,NA,,0.761,11.636,,P4
2001,177,,NA,,0.436,15.594,,P4
2001,191,,NA,,0.566,7.614,,P4
2001,205,,NA,,1.032,2.227,,P4
2001,219,,NA,,0.222,2.901,,P4
2001,233,,NA,,0.497,2.051,,P4
2001,248,,NA,,0.439,5.393,,P4
2001,262,,NA,,0.025,5.872,,P4
2001,284,,NA,,0.805,3.817,,P4
2001,303,,NA,,0.783,2.337,,P4
2001,317,,NA,,0.665,2.582,,P4
2001,331,,NA,,0.512,8.046,,P4
2001,343,,NA,,1.005,2.39,,P4
2002,25,,NA,,0.376,5.118,,P4
2002,60,,NA,,1.25,3.985,,P4
2002,72,,NA,,0.515,2.35,,P4
2002,105,,NA,,0.15,2.196,,P4
2002,119,,NA,,13.164,6.401,,P4
2002,142,,NA,,0.288,8.467,,P4
2002,154,,NA,,0.705,5.518,,P4
2002,169,,NA,,0.337,6.544,,P4
2002,184,,NA,,0.221,3.042,,P4
2002,197,,NA,,0.787,0.74,,P4
2002,235,,NA,,0.323,6.381,,P4
2002,260,,NA,,0.506,4.077,,P4
2002,288,,NA,,0.645,0.991,,P4
2002,310,,NA,,1.782,3.563,,P4
2002,331,,NA,,0.092,3.449,,P4
2002,353,,NA,,0.217,5.748,,P4
2003,7,,NA,,0.543,4.939,,P4
2003,28,,NA,,1.008,4.99,,P4
2003,48,,NA,,NaN,NaN,,P4
2003,69,,NA,,1.62,3.386,,P4
2003,83,,NA,,5.009,5.874,,P4
2003,112,,NA,,0.119,7.48,,P4
2003,125,,NA,,0.076,7.201,,P4
2003,140,,NA,,6.53,33.614,,P4
2003,154,,NA,,1.671,80.922,,P4
2003,167,,NA,,0.415,66.464,,P4
2003,183,,NA,,0.09,40.157,,P4
2003,211,,NA,,0.716,43,,P4
2003,223,,NA,,0,31.197,,P4
2003,238,,NA,,1.442,39.938,,P4
2003,253,,NA,,0.174,36.152,,P4
2003,267,,NA,,0.129,11.063,,P4
2003,278,,NA,,0.385,2.618,,P4
2004,12,,NA,,0.5,3.069,,P4
2004,62,,NA,,0.773,2.363,,P4
2004,111,,NA,,0.045,3.41,,P4
2004,126,,NA,,0.791,3.819,,P4
2004,147,,NA,,0.882,4.713,,P4
2004,159,,NA,,0.814,7.546,,P4
2004,175,,NA,,0.033,13.083,,P4
2004,189,,NA,,0.021,6.907,,P4
2004,201,,NA,,1.844,4.751,,P4
2004,223,,NA,,1.927,0.566,,P4
2004,237,,NA,,0.697,1.065,,P4
2004,260,,NA,,0.448,2.525,,P4
2004,302,,NA,,0.862,6.392,,P4
2005,129,,NA,,0.111949087,6.484276774,,P4
2005,143,,NA,,21.14153423,51.16305904,,P4
2005,205,,NA,,4.632643564,4.632643564,,P4
2005,214,,NA,,4.038263778,4.338662536,,P4
2006,44,,NA,,0.672283925,0.416119125,,P4
2006,72,,NA,,2.646187438,0.238235196,,P4
2006,122,,NA,,4.130802863,4.538522858,,P4
2006,135,,NA,,0.013780451,57.68272365,,P4
2006,169,,NA,,0.084228449,10.04683391,,P4
2006,270,,NA,,0.123737075,2.019383063,,P4
2006,323,,NA,,0.007232048,54.68355781,,P4
2009,139,,NA,,2.173596284,6.243799331,,P4
2009,153,,NA,,0,5.950169868,,P4
2009,166,,NA,,2.871542949,12.04325417,,P4
2009,174,,NA,,1.829783896,14.98985236,,P4
2009,185,,NA,,1.697452368,10.44379602,,P4
2009,194,,NA,,3.757460953,10.31914276,,P4
2009,210,,NA,,1.138620972,4.454548294,,P4
2009,222,,NA,,1.94752182,7.950033688,,P4
2009,238,,NA,,0,11.19342919,,P4
2009,267,,NA,,13.8293103,1.23696033,,P4
2009,277,,NA,,0,13.09313642,,P4
2009,282,,NA,,3.43787696,2.128473449,,P4
2009,301,,NA,,0,8.146994468,,P4
2009,308,,NA,,0.400139179,9.402755753,,P4
2009,315,,NA,,0.278551532,6.320541124,,P4
2010,14,,NA,,1.379993823,4.473984227,,P4
2010,62,,NA,,1.495025812,3.610914377,,P4
2010,75,,NA,,0.263752467,0.580131624,,P4
2010,137,,NA,,1.269804381,10.59593234,,P4
2012,83,,P2,,0.39,10.66,,P4
2012,113,,P2,,0.39384629,10.65682293,,P4
2012,177,,P2,,0.200158154,31.47080404,,P4
2012,175,,P2,,0.2,31.47,,P4
2013,150,,P2,,8.19,83.54,,P4
2013,220,,P2,,3.13,18.31,,P4
2013,289,,P2,,1.39,,,P4
2013,302,,P2,,0.75,29.95,,P4
2014,126,,P2,,0.641570717,4.989864341,,P4
2014,145,,P2,,1.940017804,17.47932722,,P4
2014,175,,P2,,0.04365644,1.319802731,,P4
2014,224,,P2,,0.012763501,0.113485512,,P4
2014,281,,P2,,0.550807769,8.162501628,,P4
2015,125,,P4,,3.148940759,6.155418438,,P4
2015,135,,P4,,2.902503459,7.810736265,,P4
2015,141,,P4,,3.576367554,8.757455541,,P4
2015,148,,P4,,0.492306843,10.55002323,,P4
2015,155,,P4,,2.373994487,7.509243639,,P4
2015,162,,P4,,1.377173905,6.749070432,,P4
2015,169,,P4,,1.794978902,4.242648713,,P4
2015,180,,P4,,45.58407777,13.68576854,,P4
2015,190,,P4,,48.98362366,32.50275163,,P4
2015,197,,P4,,6.767421859,30.04254569,,P4
2015,204,,P4,,2.913080981,12.43498336,,P4
2015,223,,P4,,3.246107187,2.437550134,,P4
2015,253,,P4,,2.93499556,1.312231366,,P4
2015,320,,P4,,2.260677582,5.246819939,,P4
2016,39,,P4,,1.955510067,2.190342519,,P4
2016,111,,P4,,1.498174252,2.273574252,,P4
2016,134,,P4,,4.847600472,7.410292459,,P4
2016,147,,P4,,1.809970387,10.18858845,,P4
2016,153,,P4,,1.85243986,12.58057886,,P4
2016,160,,P4,,1.518317313,11.07305484,,P4
2016,169,,P4,,NaN,NaN,,P4
2016,172,,P4,,120.4884011,64.00955292,,P4
2016,179,,P4,,73.70549649,53.3889545,,P4
2016,193,,P4,,65.53639658,53.29643874,,P4
2016,200,,P4,,27.45847212,39.84621997,,P4
2016,215,,P4,,32.7762673,63.03321665,,P4
2016,236,,P4,,4.032358788,21.45097996,,P4
2016,265,,P4,,1.894792992,8.395279881,,P4
2016,300,,P4,,1.59248372,8.804716427,,P4
2017,103,,P4,,2.449006254,5.084821404,,P4
2017,129,,P4,,1.717287284,5.38748498,,P4
2017,139,,P4,,3.27579271,15.45768245,,P4
2017,144,,P4,,0.662029012,19.91565333,,P4
2017,151,,P4,,2.97466509,12.69417134,,P4
2017,158,,P4,,2.894194507,17.85406586,,P4
2017,165,,P4,,3.677366146,27.77653039,,P4
2017,172,,P4,,1.693195812,27.91025276,,P4
2017,186,,P4,,0.639982568,89.20909823,,P4
2017,193,,P4,,38.24965355,48.73776358,,P4
2017,200,,P4,,17.98747466,32.81525656,,P4
2017,207,,P4,,7.828694904,67.70076442,,P4
2017,214,,P4,,8.226599183,14.20289832,,P4
2017,226,,P4,,9.060477576,35.08621387,,P4
2017,333,,P4,,1.626574607,3.248152063,,P4
