% data extracted from: database/People/jevans/ThesisDataJacob/ThesisData/DailyCumulative,,,,,
doy,NEE_gf,Re_gf,Gpp_gf,year,plot
121,2.007798472,2.007798472,0,2018,1
122,2.737896403,2.737896403,0,2018,1
123,2.670286712,2.670286712,0,2018,1
124,1.588392215,1.588392215,0,2018,1
125,2.007251675,2.007251675,0,2018,1
126,1.668422258,1.668422258,0,2018,1
127,1.751850515,1.751850515,0,2018,1
128,2.017606799,2.017606799,0,2018,1
129,2.701867065,2.701867065,0,2018,1
130,1.741295466,1.741295466,0,2018,1
131,0.770175119,0.770175119,0,2018,1
132,0.79072907,0.79072907,0,2018,1
133,1.239619291,1.239619291,0,2018,1
134,1.554640521,1.554640521,0,2018,1
135,1.487263946,1.487263946,0,2018,1
136,1.626765145,1.626765145,0,2018,1
137,1.830493759,1.830493759,0,2018,1
138,3.893148825,2.63595618,1.257192645,2018,1
139,3.264500805,3.331799554,-0.067298749,2018,1
140,3.685034594,2.601252995,1.083781599,2018,1
141,2.593720983,2.170652968,0.423068015,2018,1
142,2.427150674,2.036349548,0.390801126,2018,1
143,2.738297483,1.842728256,0.895569227,2018,1
144,1.377496363,1.051280753,0.326215609,2018,1
145,1.169947309,0.799917579,0.37002973,2018,1
146,1.493896116,1.266480261,0.227415855,2018,1
147,1.487499806,1.20569813,0.281801676,2018,1
148,1.910161771,1.32301326,0.587148511,2018,1
149,1.594186853,1.256193074,0.33799378,2018,1
150,1.328736141,1.31428867,0.01444747,2018,1
151,1.646963375,1.039426179,0.607537196,2018,1
152,1.675975177,0.795650181,0.880324996,2018,1
153,0.908899395,0.754777478,0.154121917,2018,1
154,0.95984823,0.898628052,0.061220178,2018,1
155,0.218732875,1.054336569,-0.835603694,2018,1
156,0.539123038,0.749534925,-0.210411887,2018,1
157,0.074580368,0.687003055,-0.612422687,2018,1
158,0.476737583,1.525230658,-1.048493074,2018,1
159,0.877588951,1.539535521,-0.66194657,2018,1
160,0.967625794,1.456809677,-0.489183883,2018,1
161,0.723344037,1.62022558,-0.896881543,2018,1
162,0.171782335,1.184060458,-1.012278124,2018,1
163,1.038884552,1.375371853,-0.336487301,2018,1
164,0.723367333,1.767061841,-1.043694508,2018,1
165,-0.025004792,0.997372398,-1.02237719,2018,1
166,0.086847271,1.159479371,-1.0726321,2018,1
167,-0.203481063,1.16738646,-1.370867522,2018,1
168,-0.782939882,1.609252961,-2.392192843,2018,1
169,-0.02581051,2.007867545,-2.033678055,2018,1
170,-1.890753094,1.6371816,-3.527934694,2018,1
171,-1.869900698,2.289185825,-4.159086523,2018,1
172,-6.509553027,2.762678108,-9.272231135,2018,1
173,-3.228941292,2.992616347,-6.221557638,2018,1
174,1.349891438,3.280121858,-1.93023042,2018,1
175,-1.587733617,4.088020308,-5.675753925,2018,1
176,-8.178737761,3.78975529,-11.96849305,2018,1
177,-6.992423102,3.926071024,-10.91849413,2018,1
178,0.810848533,4.636851011,-3.826002478,2018,1
179,-5.760160051,5.661267944,-11.42142799,2018,1
180,-7.946739354,4.855160089,-12.80189944,2018,1
181,-6.19404124,6.276586126,-12.47062737,2018,1
182,-12.80337433,4.237994158,-17.04136849,2018,1
183,-12.96746147,4.305517556,-17.27297902,2018,1
184,-15.95549528,4.201593496,-20.15708878,2018,1
185,-13.99102622,4.883393202,-18.87441942,2018,1
186,-10.29450775,4.974404368,-15.26891212,2018,1
187,-17.14168565,3.144395328,-20.28608098,2018,1
188,-16.81949722,3.434874804,-20.25437202,2018,1
189,-16.51650702,3.660710691,-20.17721772,2018,1
190,-16.65436068,2.954705999,-19.60906668,2018,1
191,-14.7539271,3.181449639,-17.93537674,2018,1
192,-14.29222266,3.317064598,-17.60928726,2018,1
193,-13.56408798,3.424792185,-16.98888016,2018,1
194,-11.44286468,3.922671682,-15.36553636,2018,1
195,-3.866767813,3.824559284,-7.691327097,2018,1
196,-12.1086275,4.181366774,-16.28999427,2018,1
197,-7.352370234,4.271071729,-11.62344196,2018,1
198,-14.27787548,5.666773871,-19.94464935,2018,1
199,-14.21673289,5.376823384,-19.59355628,2018,1
200,-12.97492247,5.517972563,-18.49289503,2018,1
201,-6.766502932,9.415379167,-16.1818821,2018,1
202,-2.755429508,8.828185184,-11.58361469,2018,1
203,0.645865065,6.8145765,-6.168711435,2018,1
204,-3.587479522,9.488446556,-13.07592608,2018,1
205,-3.215538546,9.387722942,-12.60326149,2018,1
206,-8.353415726,8.916958764,-17.27037449,2018,1
207,-3.586192667,7.722931439,-11.30912411,2018,1
208,-4.949333643,8.586627498,-13.53596114,2018,1
209,-0.942588976,8.174770407,-9.117359383,2018,1
210,-6.804943959,8.706470656,-15.51141462,2018,1
211,-9.483900336,8.47605843,-17.95995877,2018,1
212,-5.443196671,8.182117312,-13.62531398,2018,1
213,1.084796054,8.738043543,-7.65324749,2018,1
214,-6.070429781,8.24806851,-14.31849829,2018,1
215,-8.3839287,8.517085332,-16.90101403,2018,1
216,-8.847538438,8.934760714,-17.78229915,2018,1
217,-7.413209784,9.729291884,-17.14250167,2018,1
218,-1.723172385,10.20285571,-11.9260281,2018,1
219,-2.499176097,9.376235873,-11.87541197,2018,1
220,1.281236022,8.350291803,-7.069055781,2018,1
221,-6.92223784,8.009828179,-14.93206602,2018,1
222,-8.085740807,8.218548817,-16.30428962,2018,1
223,-9.036296064,7.478732431,-16.51502849,2018,1
224,-6.458171514,8.283836488,-14.742008,2018,1
225,-5.484636667,8.768047406,-14.25268407,2018,1
226,-9.518130056,8.996352065,-18.51448212,2018,1
227,-9.260758855,9.008834267,-18.26959312,2018,1
228,-6.536558727,8.683790383,-15.22034911,2018,1
229,-0.583981162,9.309670999,-9.893652161,2018,1
230,-7.347867328,8.373338092,-15.72120542,2018,1
231,-7.211157068,7.760106017,-14.97126308,2018,1
232,-4.741987935,7.717024656,-12.45901259,2018,1
233,3.531672569,7.615371114,-4.083698545,2018,1
234,-5.989746908,6.129010892,-12.1187578,2018,1
235,-9.162780276,6.107965607,-15.27074588,2018,1
236,-9.034058655,5.471756331,-14.50581499,2018,1
237,2.289272605,6.681454744,-4.392182139,2018,1
238,-6.078766767,8.073655805,-14.15242257,2018,1
239,-0.26011314,8.360537318,-8.620650457,2018,1
240,-4.960339979,9.529084149,-14.48942413,2018,1
241,-3.06789204,8.314333154,-11.38222519,2018,1
242,-5.041311483,5.539065642,-10.58037713,2018,1
243,-7.056405504,5.160058961,-12.21646446,2018,1
244,-5.391891726,6.278870047,-11.67076177,2018,1
245,-2.238135569,8.810037684,-11.04817325,2018,1
246,-3.571390901,8.127034857,-11.69842576,2018,1
247,-4.886386773,7.566793572,-12.45318034,2018,1
248,-3.945355468,8.33864375,-12.28399922,2018,1
249,-2.128779827,7.223191366,-9.351971193,2018,1
250,-4.476892148,5.706227933,-10.18312008,2018,1
251,-3.191467642,4.159269513,-7.350737155,2018,1
252,-1.542488727,3.50783325,-5.050321977,2018,1
253,0.896771177,3.085748228,-2.188977051,2018,1
254,-2.150072713,4.685378913,-6.835451626,2018,1
255,-1.953776218,4.62554362,-6.579319838,2018,1
256,-0.499345226,5.836029387,-6.335374613,2018,1
257,-0.178300532,6.537291775,-6.715592307,2018,1
258,0.857467502,6.504418142,-5.646950641,2018,1
259,1.176210006,6.449317429,-5.273107423,2018,1
260,0.398237508,5.787056973,-5.388819465,2018,1
261,0.85971213,5.247190226,-4.387478096,2018,1
262,0.212991604,4.116484444,-3.90349284,2018,1
263,0.976612937,3.300169626,-2.32355669,2018,1
264,2.115852302,5.305400562,-3.18954826,2018,1
265,0.813593009,2.377305724,-1.563712715,2018,1
266,0.638801117,2.361715309,-1.722914191,2018,1
267,1.464333321,2.569892242,-1.105558921,2018,1
268,3.922201022,4.17010522,-0.247904199,2018,1
269,2.715201984,3.606826858,-0.891624874,2018,1
270,1.004427237,1.858240154,-0.853812917,2018,1
271,0.947258549,2.016134639,-1.068876091,2018,1
272,0.829354047,1.529903799,-0.700549752,2018,1
273,1.167794733,1.355560306,-0.187765573,2018,1
274,1.027717238,1.217345365,-0.189628127,2018,1
275,1.700670624,1.851935491,-0.151264867,2018,1
276,1.205789296,1.852548782,-0.646759486,2018,1
277,1.833425707,2.680200291,-0.846774584,2018,1
278,0.689582321,1.102553065,-0.412970743,2018,1
279,1.621721048,1.9509181,-0.329197052,2018,1
280,1.395676335,1.625349722,-0.229673387,2018,1
281,0.98462703,1.471758905,-0.487131875,2018,1
282,1.723510211,2.930764513,-1.207254301,2018,1
283,2.118246308,3.132064842,-1.013818533,2018,1
284,2.062617,2.225486106,-0.162869107,2018,1
285,0.522783718,0.86850191,-0.345718192,2018,1
286,0.196288734,0.523159786,-0.326871051,2018,1
287,-0.23325793,0.940393525,-1.173651456,2018,1
288,0.711814781,0.955803538,-0.243988756,2018,1
289,-0.024657532,1.036185093,-1.060842625,2018,1
290,0.22484711,0.884674765,-0.659827655,2018,1
291,-0.032799353,0.611679593,-0.644478946,2018,1
292,0.169158082,1.351588067,-1.182429985,2018,1
293,0.676759846,1.178377783,-0.501617936,2018,1
294,0.065765125,0.461360539,-0.395595414,2018,1
295,0.058907592,0.842913824,-0.784006232,2018,1
296,0.328959941,0.740755584,-0.411795643,2018,1
297,0.328526857,0.58946775,-0.260940894,2018,1
298,0.102540006,0.596022082,-0.493482076,2018,1
299,0.380964726,0.689052587,-0.308087861,2018,1
300,0.373906565,0.544753651,-0.170847086,2018,1
301,0.350464396,0.569772206,-0.21930781,2018,1
302,0.061753731,0.588558995,-0.526805264,2018,1
303,0.181894859,0.861329296,-0.679434437,2018,1
304,0.616750371,0.616750371,0,2018,1
305,0.398702986,0.398702986,0,2018,1
306,0.333355786,0.333355786,0,2018,1
307,0.300916554,0.300916554,0,2018,1
308,0.288652581,0.288652581,0,2018,1
309,0.55446735,0.55446735,0,2018,1
310,0.681570036,0.681570036,0,2018,1
311,0.364964825,0.364964825,0,2018,1
312,0.282750637,0.282750637,0,2018,1
313,0.236354806,0.236354806,0,2018,1
314,0.161707064,0.161707064,0,2018,1
315,0.182169672,0.182169672,0,2018,1
316,0.259980903,0.259980903,0,2018,1
317,0.170919719,0.170919719,0,2018,1
318,0.598152501,0.598152501,0,2018,1
319,0.313736934,0.313736934,0,2018,1
320,0.218771365,0.218771365,0,2018,1
321,0.200262229,0.200262229,0,2018,1
322,0.14871778,0.14871778,0,2018,1
323,0.147747255,0.147747255,0,2018,1
324,0.426400609,0.426400609,0,2018,1
325,0.694798097,0.694798097,0,2018,1
326,0.360369734,0.360369734,0,2018,1
327,0.131719833,0.131719833,0,2018,1
328,0.480856519,0.480856519,0,2018,1
329,0.543319777,0.543319777,0,2018,1
330,0.509808728,0.509808728,0,2018,1
331,0.351017481,0.351017481,0,2018,1
332,0.379393167,0.379393167,0,2018,1
333,0.355575549,0.355575549,0,2018,1
334,0.365456481,0.365456481,0,2018,1
335,0.431735108,0.431735108,0,2018,1
336,0.96074722,0.96074722,0,2018,1
337,0.488186306,0.488186306,0,2018,1
338,0.260505396,0.260505396,0,2018,1
339,0.269767026,0.269767026,0,2018,1
340,0.29247338,0.29247338,0,2018,1
341,0.13590562,0.13590562,0,2018,1
342,0.381822292,0.381822292,0,2018,1
343,0.203650672,0.203650672,0,2018,1
344,0.250371974,0.250371974,0,2018,1
345,0.06894449,0.06894449,0,2018,1
346,0.251806276,0.251806276,0,2018,1
347,0.068502719,0.068502719,0,2018,1
348,0.217534912,0.217534912,0,2018,1
349,0.166566531,0.166566531,0,2018,1
350,0.148271109,0.148271109,0,2018,1
351,0.362360438,0.362360438,0,2018,1
352,0.149067299,0.149067299,0,2018,1
353,0.228706735,0.228706735,0,2018,1
354,0.163117106,0.163117106,0,2018,1
355,0.314987924,0.314987924,0,2018,1
356,0.035507405,0.035507405,0,2018,1
357,0.027462766,0.027462766,0,2018,1
358,0.155373005,0.155373005,0,2018,1
359,0.234692579,0.234692579,0,2018,1
360,0.214654678,0.214654678,0,2018,1
361,0.317365006,0.317365006,0,2018,1
362,0.916724694,0.916724694,0,2018,1
363,0.009923793,0.009923793,0,2018,1
364,0.00817636,0.00817636,0,2018,1
365,0.081305393,0.081305393,0,2018,1
1,0.178525697,0.178525697,0,2018,1
2,-0.060648986,-0.060648986,0,2018,1
3,0.415935756,0.415935756,0,2018,1
4,0.434014306,0.434014306,0,2018,1
5,0.048172375,0.048172375,0,2018,1
6,0.134577412,0.134577412,0,2018,1
7,0.072289333,0.072289333,0,2018,1
8,0.351246885,0.351246885,0,2018,1
9,0.01588257,0.01588257,0,2018,1
10,0.11196208,0.11196208,0,2018,1
11,0.196181267,0.196181267,0,2018,1
12,0.2503202,0.2503202,0,2018,1
13,0.45273769,0.45273769,0,2018,1
14,-0.114545067,-0.114545067,0,2018,1
15,-0.335063374,-0.335063374,0,2018,1
16,-0.212906752,-0.212906752,0,2018,1
17,-0.134635348,-0.134635348,0,2018,1
18,-0.140597537,-0.140597537,0,2018,1
19,0.253990694,0.253990694,0,2018,1
20,0.132037843,0.132037843,0,2018,1
21,0.01849239,0.01849239,0,2018,1
22,-0.288609893,-0.288609893,0,2018,1
23,-0.687605748,-0.687605748,0,2018,1
24,-0.069660996,-0.069660996,0,2018,1
25,-0.088223268,-0.088223268,0,2018,1
26,0.175708874,0.175708874,0,2018,1
27,0.141679799,0.141679799,0,2018,1
28,0.267951658,0.267951658,0,2018,1
29,0.360635191,0.360635191,0,2018,1
30,0.258835159,0.258835159,0,2018,1
31,0.140292392,0.140292392,0,2018,1
32,-0.001930419,-0.001930419,0,2018,1
33,0.018049376,0.018049376,0,2018,1
34,0.376535834,0.376535834,0,2018,1
35,0.221290101,0.221290101,0,2018,1
36,0.074875779,0.074875779,0,2018,1
37,0.094810628,0.094810628,0,2018,1
38,0.084767294,0.084767294,0,2018,1
39,-0.051915235,-0.051915235,0,2018,1
40,-0.185368646,-0.185368646,0,2018,1
41,0.051735925,0.051735925,0,2018,1
42,0.325236688,0.325236688,0,2018,1
43,0.115375479,0.115375479,0,2018,1
44,0.076381044,0.076381044,0,2018,1
45,-0.117799073,-0.117799073,0,2018,1
46,0.031773501,0.031773501,0,2018,1
47,0.05029441,0.05029441,0,2018,1
48,0.463688698,0.463688698,0,2018,1
49,0.200068708,0.200068708,0,2018,1
50,0.060217102,0.060217102,0,2018,1
51,0.367824655,0.367824655,0,2018,1
52,0.307223773,0.307223773,0,2018,1
53,0.174355684,0.174355684,0,2018,1
54,0.274743964,0.274743964,0,2018,1
55,0.341605019,0.341605019,0,2018,1
56,0.095508126,0.095508126,0,2018,1
57,0.041106875,0.041106875,0,2018,1
58,-0.058229833,-0.058229833,0,2018,1
59,0.006409593,0.006409593,0,2018,1
60,0.028623773,0.028623773,0,2018,1
61,0.014445636,0.014445636,0,2018,1
62,-0.039440361,-0.039440361,0,2018,1
63,-0.004272892,-0.004272892,0,2018,1
64,0.0436697,0.0436697,0,2018,1
65,0.042471798,0.042471798,0,2018,1
66,-0.050014482,-0.050014482,0,2018,1
67,0.047966174,0.047966174,0,2018,1
68,0.136632956,0.136632956,0,2018,1
69,0.108967539,0.108967539,0,2018,1
70,0.009297279,0.009297279,0,2018,1
71,-0.045774581,-0.045774581,0,2018,1
72,0.181607648,0.181607648,0,2018,1
73,0.446251994,0.446251994,0,2018,1
74,0.372463255,0.372463255,0,2018,1
75,-0.014695267,-0.014695267,0,2018,1
76,0.177548349,0.177548349,0,2018,1
77,-0.03996519,-0.03996519,0,2018,1
78,0.359297293,0.359297293,0,2018,1
79,0.399725511,0.399725511,0,2018,1
80,0.380105434,0.380105434,0,2018,1
81,0.294433096,0.294433096,0,2018,1
82,0.056031458,0.056031458,0,2018,1
83,0.452777868,0.452777868,0,2018,1
84,0.253202594,0.253202594,0,2018,1
85,-0.035096988,-0.035096988,0,2018,1
86,0.241662215,0.241662215,0,2018,1
87,0.434272458,0.434272458,0,2018,1
88,0.267513868,0.267513868,0,2018,1
89,0.223536165,0.223536165,0,2018,1
90,0.153057212,0.153057212,0,2018,1
91,0.39142021,0.39142021,0,2018,1
92,0.483269521,0.483269521,0,2018,1
93,0.516803371,0.516803371,0,2018,1
94,0.275776163,0.275776163,0,2018,1
95,0.426906154,0.426906154,0,2018,1
96,0.364381389,0.364381389,0,2018,1
97,0.435085745,0.435085745,0,2018,1
98,0.615738286,0.615738286,0,2018,1
99,0.321785369,0.321785369,0,2018,1
100,0.578346438,0.578346438,0,2018,1
101,0.360069877,0.360069877,0,2018,1
102,1.077776431,1.077776431,0,2018,1
103,0.57275299,0.57275299,0,2018,1
104,0.255900224,0.255900224,0,2018,1
105,0.301836827,0.301836827,0,2018,1
106,0.28701281,0.28701281,0,2018,1
107,0.806682068,0.806682068,0,2018,1
108,1.113069433,1.113069433,0,2018,1
109,0.62145488,0.62145488,0,2018,1
110,0.34500684,0.34500684,0,2018,1
111,0.789168264,0.789168264,0,2018,1
112,1.178487428,1.178487428,0,2018,1
113,1.092413743,1.092413743,0,2018,1
114,0.295847808,0.295847808,0,2018,1
115,0.705390797,0.705390797,0,2018,1
116,0.566016764,0.566016764,0,2018,1
117,0.118342776,0.118342776,0,2018,1
118,0.373353439,0.373353439,0,2018,1
119,0.128713056,0.128713056,0,2018,1
120,0.453308944,0.453308944,0,2018,1
121,0.131866707,0.131866707,0,2019,1
122,0.90639311,0.90639311,0,2019,1
123,0.869911282,0.869911282,0,2019,1
124,0.839852037,0.839852037,0,2019,1
125,0.785625157,0.785625157,0,2019,1
126,0.858965476,0.858965476,0,2019,1
127,0.558455594,0.558455594,0,2019,1
128,0.300529521,0.300529521,0,2019,1
129,1.101490878,1.101490878,0,2019,1
130,1.014524802,1.014524802,0,2019,1
131,0.560910862,0.560910862,0,2019,1
132,0.016573896,0.016573896,0,2019,1
133,0.264348644,0.264348644,0,2019,1
134,0.601223529,0.601223529,0,2019,1
135,0.521973579,0.521973579,0,2019,1
136,0.672005505,0.672005505,0,2019,1
137,0.817593999,0.817593999,0,2019,1
138,0.624922337,0.624922337,0,2019,1
139,1.158259888,1.158259888,0,2019,1
140,1.502334177,1.502334177,0,2019,1
141,1.332066674,1.332066674,0,2019,1
142,0.702012627,0.702012627,0,2019,1
143,1.259309665,1.259309665,0,2019,1
144,1.105866218,1.105866218,0,2019,1
145,1.264030402,1.264030402,0,2019,1
146,1.269170475,1.269170475,0,2019,1
147,1.253247156,1.253247156,0,2019,1
148,0.947384666,0.947384666,0,2019,1
149,1.040718486,1.040718486,0,2019,1
150,1.183822003,1.183822003,0,2019,1
151,2.449513521,2.19558468,0.253928842,2019,1
152,2.767912662,2.577661628,0.190251034,2019,1
153,2.070007379,1.808254768,0.261752611,2019,1
154,1.540793858,1.255820844,0.284973014,2019,1
155,2.062449796,2.061572118,0.000877678,2019,1
156,2.520644342,2.58905315,-0.068408808,2019,1
157,2.83763084,2.56162231,0.276008529,2019,1
158,2.868921778,3.02711694,-0.158195162,2019,1
159,2.461459483,3.209249621,-0.747790138,2019,1
160,2.654605744,3.639714214,-0.98510847,2019,1
161,2.855926404,3.119348347,-0.263421943,2019,1
162,2.362240151,2.825220909,-0.462980758,2019,1
163,2.2771101,3.205821294,-0.928711194,2019,1
164,2.207532322,2.618062209,-0.410529887,2019,1
165,2.317341322,2.853598499,-0.536257177,2019,1
166,2.383203625,3.234826963,-0.851623338,2019,1
167,1.124832715,2.719083717,-1.594251002,2019,1
168,2.082736041,3.1513841,-1.06864806,2019,1
169,2.535048464,3.69046413,-1.155415666,2019,1
170,2.315797947,3.817187073,-1.501389126,2019,1
171,2.116274088,3.304111241,-1.187837153,2019,1
172,1.979316641,3.168762679,-1.189446038,2019,1
173,1.323159958,3.479973527,-2.156813569,2019,1
174,2.900954006,4.654045741,-1.753091735,2019,1
175,2.772663094,5.0157494,-2.243086306,2019,1
176,2.934816207,5.120809851,-2.185993644,2019,1
177,2.976084428,5.686638708,-2.71055428,2019,1
178,3.003184466,5.710335947,-2.707151481,2019,1
179,3.278270258,5.371209797,-2.092939539,2019,1
180,2.85219421,5.78138291,-2.9291887,2019,1
181,1.723272001,5.018375649,-3.295103648,2019,1
182,1.584553011,5.587476564,-4.002923553,2019,1
183,2.653537508,6.163211056,-3.509673548,2019,1
184,1.901260983,6.455779083,-4.554518099,2019,1
185,1.478375255,6.607866667,-5.129491412,2019,1
186,0.030054925,7.118220817,-7.088165891,2019,1
187,0.396305301,7.116761604,-6.720456303,2019,1
188,-0.045299926,5.886368387,-5.931668313,2019,1
189,-2.139950843,5.119422663,-7.259373506,2019,1
190,-2.352850972,5.612387748,-7.96523872,2019,1
191,-4.142709046,6.143965006,-10.28667405,2019,1
192,-3.545144787,6.173397858,-9.718542645,2019,1
193,-2.335572397,4.858027477,-7.193599874,2019,1
194,-4.370919403,5.791024478,-10.16194388,2019,1
195,-5.901682366,5.452764892,-11.35444726,2019,1
196,-4.474509484,5.574188551,-10.04869804,2019,1
197,-2.270401099,6.633607861,-8.90400896,2019,1
198,-1.194451985,7.090950771,-8.285402757,2019,1
199,-2.88057795,6.760325851,-9.640903801,2019,1
200,-2.952711722,7.268122978,-10.2208347,2019,1
201,-4.524741709,8.025159195,-12.5499009,2019,1
202,-5.914945667,7.141525778,-13.05647144,2019,1
203,-4.410169183,6.85256811,-11.26273729,2019,1
204,-7.948735977,6.036974118,-13.9857101,2019,1
205,-6.620743012,6.240371359,-12.86111437,2019,1
206,-6.754734127,6.526410637,-13.28114476,2019,1
207,-6.852144037,7.112626323,-13.96477036,2019,1
208,-5.713346267,7.408231397,-13.12157766,2019,1
209,-4.813730306,7.553921029,-12.36765133,2019,1
210,-4.758173133,7.100480921,-11.85865405,2019,1
211,-5.827066124,6.866201605,-12.69326773,2019,1
212,-7.598549958,5.235394157,-12.83394412,2019,1
213,-6.615101263,5.522388022,-12.13748928,2019,1
214,-6.038480841,4.756121898,-10.79460274,2019,1
215,-5.045961907,5.589529159,-10.63549107,2019,1
216,-4.72857116,5.750397243,-10.4789684,2019,1
217,-7.222816186,5.662355384,-12.88517157,2019,1
218,-4.725416521,5.976335816,-10.70175234,2019,1
219,-7.524052225,5.789328503,-13.31338073,2019,1
220,-4.985298493,5.041144529,-10.02644302,2019,1
221,-6.520605513,4.70742194,-11.22802745,2019,1
222,-7.5659488,4.355125289,-11.92107409,2019,1
223,-6.569607903,5.116154418,-11.68576232,2019,1
224,-2.998367634,6.171367472,-9.169735107,2019,1
225,-4.999335684,6.081734895,-11.08107058,2019,1
226,-4.137638625,6.077787933,-10.21542656,2019,1
227,-4.268768517,5.475576356,-9.744344872,2019,1
228,-4.796130876,6.574308316,-11.37043919,2019,1
229,-5.425441993,7.600557607,-13.0259996,2019,1
230,-4.020981013,7.910507441,-11.93148845,2019,1
231,-6.085527602,7.747798364,-13.83332597,2019,1
232,-4.733983075,7.596941463,-12.33092454,2019,1
233,-4.440076994,8.907319568,-13.34739656,2019,1
234,-5.347718271,7.6026167,-12.95033497,2019,1
235,-5.632121888,6.435261566,-12.06738345,2019,1
236,-3.831316581,6.922023608,-10.75334019,2019,1
237,-5.178147433,7.202940755,-12.38108819,2019,1
238,-4.632450792,8.481781176,-13.11423197,2019,1
239,4.420979062,9.270396094,-4.849417032,2019,1
240,-4.023413901,8.585270738,-12.60868464,2019,1
241,-4.60168731,8.345177212,-12.94686452,2019,1
242,-5.143920855,7.363538432,-12.50745929,2019,1
243,-6.061975952,5.628388161,-11.69036411,2019,1
244,0.389244389,6.218480056,-5.829235667,2019,1
245,-2.481983138,7.383203679,-9.865186817,2019,1
246,-1.205586975,7.585572424,-8.7911594,2019,1
247,-2.084200649,6.288284972,-8.372485621,2019,1
248,-4.204825745,5.262400601,-9.467226346,2019,1
249,-0.515347057,5.062284499,-5.577631556,2019,1
250,-1.540602843,5.643612447,-7.18421529,2019,1
251,-1.900525485,4.191356327,-6.091881812,2019,1
252,-0.73437756,4.512690466,-5.247068026,2019,1
253,1.404725569,6.830156065,-5.425430496,2019,1
254,3.612512572,7.828476528,-4.215963956,2019,1
255,2.074096472,5.234969779,-3.160873307,2019,1
256,2.89447041,5.369720933,-2.475250523,2019,1
257,2.804374219,4.84297083,-2.038596612,2019,1
258,2.863071324,3.545865847,-0.682794523,2019,1
259,2.722101372,4.003387484,-1.281286112,2019,1
260,3.20479676,4.406938013,-1.202141253,2019,1
261,3.70033416,4.476830099,-0.776495939,2019,1
262,3.841793942,4.474165149,-0.632371206,2019,1
263,4.208203698,4.792954378,-0.58475068,2019,1
264,4.496657111,5.535974962,-1.039317851,2019,1
265,4.993827989,6.044416355,-1.050588366,2019,1
266,3.96024849,4.548573528,-0.588325038,2019,1
267,2.961635717,3.447690158,-0.48605444,2019,1
268,3.714951972,4.263044253,-0.54809228,2019,1
269,2.731374741,3.331602112,-0.600227371,2019,1
270,2.675958946,3.219613,-0.543654054,2019,1
271,3.531181643,3.836547621,-0.305365977,2019,1
272,1.713169021,2.227950416,-0.514781395,2019,1
273,2.532814591,3.151986458,-0.619171866,2019,1
274,1.429496528,1.429496528,0,2019,1
275,1.10280114,1.10280114,0,2019,1
276,0.876545169,0.876545169,0,2019,1
277,0.825424671,0.825424671,0,2019,1
278,0.814225641,0.814225641,0,2019,1
279,1.082501561,1.082501561,0,2019,1
280,0.969682182,0.969682182,0,2019,1
281,0.918006264,0.918006264,0,2019,1
282,0.929923941,0.929923941,0,2019,1
283,0.944775029,0.944775029,0,2019,1
284,1.10338698,1.10338698,0,2019,1
285,0.82115877,0.82115877,0,2019,1
286,0.85239952,0.85239952,0,2019,1
287,0.760030883,0.760030883,0,2019,1
288,0.822683063,0.822683063,0,2019,1
289,0.84886717,0.84886717,0,2019,1
290,0.716173747,0.716173747,0,2019,1
291,0.68881863,0.68881863,0,2019,1
292,0.746355449,0.746355449,0,2019,1
293,0.955392112,0.955392112,0,2019,1
294,0.939773267,0.939773267,0,2019,1
295,1.027527566,1.027527566,0,2019,1
296,0.812675699,0.812675699,0,2019,1
297,0.827394615,0.827394615,0,2019,1
298,0.745237933,0.745237933,0,2019,1
299,0.702857138,0.702857138,0,2019,1
300,0.909761528,0.909761528,0,2019,1
301,0.856404892,0.856404892,0,2019,1
302,0.861259454,0.861259454,0,2019,1
303,0.737861212,0.737861212,0,2019,1
304,0.761144133,0.761144133,0,2019,1
305,0.569537886,0.569537886,0,2019,1
306,0.597714337,0.597714337,0,2019,1
307,0.578046136,0.578046136,0,2019,1
308,0.747298461,0.747298461,0,2019,1
309,0.669600204,0.669600204,0,2019,1
310,0.539621197,0.539621197,0,2019,1
311,0.501030021,0.501030021,0,2019,1
312,0.427306891,0.427306891,0,2019,1
313,0.515419473,0.515419473,0,2019,1
314,0.587122474,0.587122474,0,2019,1
315,0.426475265,0.426475265,0,2019,1
316,0.332189304,0.332189304,0,2019,1
317,0.347810852,0.347810852,0,2019,1
318,0.460894374,0.460894374,0,2019,1
319,0.508410695,0.508410695,0,2019,1
320,0.357832347,0.357832347,0,2019,1
321,0.452469759,0.452469759,0,2019,1
322,0.565738862,0.565738862,0,2019,1
323,0.571691931,0.571691931,0,2019,1
324,0.608781485,0.608781485,0,2019,1
325,0.650452939,0.650452939,0,2019,1
326,0.573548211,0.573548211,0,2019,1
327,0.519132241,0.519132241,0,2019,1
328,0.562146966,0.562146966,0,2019,1
329,0.650074794,0.650074794,0,2019,1
330,0.695061267,0.695061267,0,2019,1
331,0.716803164,0.716803164,0,2019,1
332,0.537951675,0.537951675,0,2019,1
333,0.474985341,0.474985341,0,2019,1
334,0.451541377,0.451541377,0,2019,1
335,0.458162922,0.458162922,0,2019,1
336,0.444693987,0.444693987,0,2019,1
337,0.418220205,0.418220205,0,2019,1
338,0.541062772,0.541062772,0,2019,1
339,0.446231587,0.446231587,0,2019,1
340,0.353830475,0.353830475,0,2019,1
341,0.411447831,0.411447831,0,2019,1
342,0.630551682,0.630551682,0,2019,1
343,0.796381544,0.796381544,0,2019,1
344,0.314510094,0.314510094,0,2019,1
345,0.223282042,0.223282042,0,2019,1
346,0.248213795,0.248213795,0,2019,1
347,0.421393155,0.421393155,0,2019,1
348,0.502922528,0.502922528,0,2019,1
349,0.454696889,0.454696889,0,2019,1
350,0.348067375,0.348067375,0,2019,1
351,0.381901605,0.381901605,0,2019,1
352,0.249357321,0.249357321,0,2019,1
353,0.219767421,0.219767421,0,2019,1
354,0.283578108,0.283578108,0,2019,1
355,0.38789193,0.38789193,0,2019,1
356,0.549345584,0.549345584,0,2019,1
357,0.574586832,0.574586832,0,2019,1
358,-0.032069532,-0.032069532,0,2019,1
359,-0.409718479,-0.409718479,0,2019,1
360,-0.026580038,-0.026580038,0,2019,1
361,0.039214393,0.039214393,0,2019,1
362,-0.017021603,-0.017021603,0,2019,1
363,0.050047161,0.050047161,0,2019,1
364,0.528087093,0.528087093,0,2019,1
365,0.416524914,0.416524914,0,2019,1
1,0.433678213,0.433678213,0,2019,1
2,0.643622003,0.643622003,0,2019,1
3,0.465606092,0.465606092,0,2019,1
4,0.125059475,0.125059475,0,2019,1
5,0.24606739,0.24606739,0,2019,1
6,0.517615154,0.517615154,0,2019,1
7,0.491587117,0.491587117,0,2019,1
8,0.474572001,0.474572001,0,2019,1
9,0.427455562,0.427455562,0,2019,1
10,0.765840031,0.765840031,0,2019,1
11,0.686488841,0.686488841,0,2019,1
12,0.369089717,0.369089717,0,2019,1
13,0.437502293,0.437502293,0,2019,1
14,0.493688672,0.493688672,0,2019,1
15,0.52274462,0.52274462,0,2019,1
16,0.382897121,0.382897121,0,2019,1
17,0.248677503,0.248677503,0,2019,1
18,0.391403215,0.391403215,0,2019,1
19,0.340457723,0.340457723,0,2019,1
20,0.287024047,0.287024047,0,2019,1
21,0.462275688,0.462275688,0,2019,1
22,0.433288891,0.433288891,0,2019,1
23,0.42638669,0.42638669,0,2019,1
24,0.543572141,0.543572141,0,2019,1
25,0.538976847,0.538976847,0,2019,1
26,0.389787989,0.389787989,0,2019,1
27,0.347517958,0.347517958,0,2019,1
28,0.308536416,0.308536416,0,2019,1
29,0.319604648,0.319604648,0,2019,1
30,0.308483563,0.308483563,0,2019,1
31,0.369330192,0.369330192,0,2019,1
32,0.398441997,0.398441997,0,2019,1
33,0.50123127,0.50123127,0,2019,1
34,0.518616961,0.518616961,0,2019,1
35,0.536473206,0.536473206,0,2019,1
36,0.411029109,0.411029109,0,2019,1
37,0.292788194,0.292788194,0,2019,1
38,0.278972692,0.278972692,0,2019,1
39,0.210956428,0.210956428,0,2019,1
40,0.341773558,0.341773558,0,2019,1
41,0.39527242,0.39527242,0,2019,1
42,0.581830911,0.581830911,0,2019,1
43,0.594313243,0.594313243,0,2019,1
44,0.483519096,0.483519096,0,2019,1
45,0.311661057,0.311661057,0,2019,1
46,0.425064989,0.425064989,0,2019,1
47,0.546499847,0.546499847,0,2019,1
48,0.42903355,0.42903355,0,2019,1
49,0.603203051,0.603203051,0,2019,1
50,0.2940659,0.2940659,0,2019,1
51,0.296109088,0.296109088,0,2019,1
52,0.696893927,0.696893927,0,2019,1
53,0.803738727,0.803738727,0,2019,1
54,0.727061265,0.727061265,0,2019,1
55,0.674804411,0.674804411,0,2019,1
56,0.565871054,0.565871054,0,2019,1
57,0.546850003,0.546850003,0,2019,1
58,0.413156911,0.413156911,0,2019,1
59,0.405871112,0.405871112,0,2019,1
60,0.343544459,0.343544459,0,2019,1
61,0.46966408,0.46966408,0,2019,1
62,0.670013388,0.670013388,0,2019,1
63,0.703330287,0.703330287,0,2019,1
64,0.676987685,0.676987685,0,2019,1
65,0.523787145,0.523787145,0,2019,1
66,0.788575798,0.788575798,0,2019,1
67,0.540106121,0.540106121,0,2019,1
68,0.890335051,0.890335051,0,2019,1
69,0.845967342,0.845967342,0,2019,1
70,0.480082922,0.480082922,0,2019,1
71,0.569044357,0.569044357,0,2019,1
72,0.506536021,0.506536021,0,2019,1
73,0.918281905,0.918281905,0,2019,1
74,0.245009979,0.245009979,0,2019,1
75,0.527266571,0.527266571,0,2019,1
76,0.635227316,0.635227316,0,2019,1
77,0.577698994,0.577698994,0,2019,1
78,0.611423364,0.611423364,0,2019,1
79,0.581067157,0.581067157,0,2019,1
80,0.836676676,0.836676676,0,2019,1
81,0.314735738,0.314735738,0,2019,1
82,0.483939483,0.483939483,0,2019,1
83,0.49492647,0.49492647,0,2019,1
84,0.706972046,0.706972046,0,2019,1
85,0.819892817,0.819892817,0,2019,1
86,0.82201077,0.82201077,0,2019,1
87,0.959659134,0.959659134,0,2019,1
88,0.982643398,0.982643398,0,2019,1
89,1.404439373,1.404439373,0,2019,1
90,0.616760124,0.616760124,0,2019,1
91,0.64900105,0.64900105,0,2019,1
92,0.819348471,0.819348471,0,2019,1
93,0.717361094,0.717361094,0,2019,1
94,0.667905755,0.667905755,0,2019,1
95,0.896621108,0.896621108,0,2019,1
96,0.48542525,0.48542525,0,2019,1
97,0.78288473,0.78288473,0,2019,1
98,0.575885293,0.575885293,0,2019,1
99,0.614272461,0.614272461,0,2019,1
100,0.457758816,0.457758816,0,2019,1
101,0.035842604,0.035842604,0,2019,1
102,0.295622367,0.295622367,0,2019,1
103,0.612871221,0.612871221,0,2019,1
104,0.997448068,0.997448068,0,2019,1
105,0.32073299,0.32073299,0,2019,1
106,0.091580319,0.091580319,0,2019,1
107,-0.103322608,-0.103322608,0,2019,1
108,-0.011776125,-0.011776125,0,2019,1
109,-0.235769656,-0.235769656,0,2019,1
110,-0.055203784,-0.055203784,0,2019,1
111,0.20076104,0.20076104,0,2019,1
112,-0.182610699,-0.182610699,0,2019,1
113,-0.305207468,-0.305207468,0,2019,1
114,-0.19556025,-0.19556025,0,2019,1
115,-0.127821719,-0.127821719,0,2019,1
116,-0.157748993,-0.157748993,0,2019,1
117,0.157651034,0.157651034,0,2019,1
118,0.290663092,0.290663092,0,2019,1
119,0.185371158,0.185371158,0,2019,1
120,0.749841004,0.749841004,0,2019,1
121,-0.032945363,-0.032945363,0,2020,1
122,0.647979159,0.647979159,0,2020,1
123,0.321597198,0.321597198,0,2020,1
124,0.818259363,0.818259363,0,2020,1
125,-0.148036869,-0.148036869,0,2020,1
126,0.334930117,0.334930117,0,2020,1
127,0.306427177,0.306427177,0,2020,1
128,-0.158532001,-0.158532001,0,2020,1
129,-0.413105292,-0.413105292,0,2020,1
130,-0.068139274,-0.068139274,0,2020,1
131,0.265869157,0.265869157,0,2020,1
132,0.008583855,0.008583855,0,2020,1
133,0.283846979,0.283846979,0,2020,1
134,0.320723195,0.320723195,0,2020,1
135,-0.572113529,-0.572113529,0,2020,1
136,-0.408965723,-0.408965723,0,2020,1
137,-0.23937581,-0.23937581,0,2020,1
138,-0.299995597,-0.299995597,0,2020,1
139,0.004536028,0.004536028,0,2020,1
140,0.022993427,0.022993427,0,2020,1
141,-1.345549767,-1.345549767,0,2020,1
142,1.178950178,1.178950178,0,2020,1
143,-0.029059067,2.596455042,-2.62551411,2020,1
144,0.05496227,2.764269628,-2.709307358,2020,1
145,0.254804315,2.808493414,-2.553689099,2020,1
146,1.141010365,2.822840885,-1.68183052,2020,1
147,1.039029304,2.907338464,-1.86830916,2020,1
148,-1.978758836,2.453694151,-4.432452988,2020,1
149,2.826918667,2.929324469,-0.102405802,2020,1
150,1.927379698,3.091430975,-1.164051277,2020,1
151,1.315196688,2.698010446,-1.382813759,2020,1
152,1.589563083,2.759833347,-1.170270263,2020,1
153,2.154865302,2.957080604,-0.802215302,2020,1
154,2.363339677,3.072904261,-0.709564584,2020,1
155,2.467083417,3.191940647,-0.72485723,2020,1
156,2.377508532,2.956109002,-0.57860047,2020,1
157,2.136708252,3.063601089,-0.926892837,2020,1
158,1.287935646,3.068085935,-1.780150289,2020,1
159,0.813057882,2.85655567,-2.043497788,2020,1
160,1.5500714,2.790612457,-1.240541057,2020,1
161,1.123979535,2.923507147,-1.799527612,2020,1
162,1.688555769,3.088274201,-1.399718432,2020,1
163,1.654823656,3.132959869,-1.478136213,2020,1
164,1.987914123,2.782350063,-0.794435941,2020,1
165,1.323159958,2.692647728,-1.36948777,2020,1
166,2.605951945,3.238441988,-0.632490043,2020,1
167,2.39475602,3.570634738,-1.175878718,2020,1
168,2.529812436,3.88943815,-1.359625714,2020,1
169,1.603005653,3.963512947,-2.360507294,2020,1
170,0.199857092,4.082199152,-3.88234206,2020,1
171,1.370004328,4.163739089,-2.79373476,2020,1
172,0.060450575,4.172874852,-4.112424277,2020,1
173,-1.519538537,4.195164131,-5.714702669,2020,1
174,-0.327380065,4.369518598,-4.696898663,2020,1
175,1.292786304,4.942092791,-3.649306487,2020,1
176,-1.079278917,4.901166345,-5.980445261,2020,1
177,-2.47144826,5.178286612,-7.649734872,2020,1
178,-2.294574396,5.527911825,-7.822486221,2020,1
179,-3.153109598,5.725586875,-8.878696473,2020,1
180,-3.984995712,5.717550787,-9.702546499,2020,1
181,-3.682253059,5.409033268,-9.091286327,2020,1
182,-3.700421688,5.692235242,-9.39265693,2020,1
183,-4.784119061,5.791163188,-10.57528225,2020,1
184,-6.988553186,5.806582753,-12.79513594,2020,1
185,-6.875147206,5.801490605,-12.67663781,2020,1
186,-6.337779526,5.701887986,-12.03966751,2020,1
187,-6.849368984,5.731448275,-12.58081726,2020,1
188,-6.337345931,5.791137081,-12.12848301,2020,1
189,-6.401840352,5.792393765,-12.19423412,2020,1
190,-6.803603655,5.799946208,-12.60354986,2020,1
191,-3.61615328,5.798130094,-9.414283374,2020,1
192,-6.094356935,5.85362374,-11.94798068,2020,1
193,-5.803454848,6.202050786,-12.00550563,2020,1
194,-5.914945667,6.409407022,-12.32435269,2020,1
195,-4.711697375,6.479090079,-11.19078745,2020,1
196,-8.06408416,5.909015792,-13.97309995,2020,1
197,-6.670120966,5.600137223,-12.27025819,2020,1
198,-5.911708242,5.71954911,-11.63125735,2020,1
199,-8.510803672,5.710862202,-14.22166587,2020,1
200,-8.025488666,5.706568901,-13.73205757,2020,1
201,-6.326085397,5.658511342,-11.98459674,2020,1
202,-7.791984009,5.231852858,-13.02383687,2020,1
203,-7.912441702,5.39278468,-13.30522638,2020,1
204,-7.47823276,4.740483386,-12.21871615,2020,1
205,-7.641151023,4.638439365,-12.27959039,2020,1
206,-5.894739491,4.001582082,-9.896321573,2020,1
207,-9.147575546,4.767704567,-13.91528011,2020,1
208,-8.599296546,4.782416945,-13.38171349,2020,1
209,-9.130958658,4.796957939,-13.9279166,2020,1
210,-7.880753527,4.780962348,-12.66171588,2020,1
211,-7.588821608,4.792291088,-12.3811127,2020,1
212,-6.776899276,4.761857211,-11.53875649,2020,1
213,-6.492403653,4.796115443,-11.2885191,2020,1
214,-5.371374805,4.805465456,-10.17684026,2020,1
215,-0.870603957,4.812890921,-5.683494878,2020,1
216,-3.336376855,4.804724452,-8.141101307,2020,1
217,-2.602607576,4.894699071,-7.497306647,2020,1
218,-4.137638625,5.144360465,-9.28199909,2020,1
219,-4.218939529,4.892968883,-9.111908411,2020,1
220,-4.95156217,5.148293444,-10.09985561,2020,1
221,-7.980332696,5.498570525,-13.47890322,2020,1
222,-7.349993341,5.595410047,-12.94540339,2020,1
223,-7.698849371,5.593685274,-13.29253464,2020,1
224,-5.214191978,5.598264981,-10.81245696,2020,1
225,-5.463108384,6.268371172,-11.73147956,2020,1
226,-4.985223646,6.725237912,-11.71046156,2020,1
227,-4.960790737,6.360763417,-11.32155415,2020,1
228,-4.529672314,6.44377049,-10.9734428,2020,1
229,-5.093489567,6.21934273,-11.3128323,2020,1
230,-4.607440833,7.225509121,-11.83294995,2020,1
231,-2.798064964,7.879115172,-10.67718014,2020,1
232,-4.682198034,6.895053835,-11.57725187,2020,1
233,-4.651164853,7.636094549,-12.2872594,2020,1
234,-4.471276268,7.569437548,-12.04071382,2020,1
235,-4.446619294,6.428022777,-10.87464207,2020,1
236,-1.966372433,6.903863012,-8.870235445,2020,1
237,-2.082047973,6.968486265,-9.050534238,2020,1
238,-0.584968326,7.55838126,-8.143349586,2020,1
239,-1.655795302,6.691618753,-8.347414055,2020,1
240,-1.940789164,5.701983906,-7.64277307,2020,1
241,-0.754267476,5.64734974,-6.401617216,2020,1
242,-1.064570272,5.541452534,-6.606022806,2020,1
243,-0.882905627,5.366549542,-6.249455169,2020,1
244,-0.00788025,5.425979051,-5.433859301,2020,1
245,1.798710457,5.832525188,-4.033814731,2020,1
246,2.633159652,5.572710384,-2.939550732,2020,1
247,1.822479482,5.23119365,-3.408714167,2020,1
248,2.433742308,4.364692384,-1.930950076,2020,1
249,3.017654822,4.71927438,-1.701619557,2020,1
250,1.968417548,3.871243697,-1.902826149,2020,1
251,2.906852107,4.345715289,-1.438863182,2020,1
252,3.771326997,4.328493123,-0.557166126,2020,1
253,4.321202288,4.358399999,-0.03719771,2020,1
254,4.042070059,4.084584069,-0.04251401,2020,1
255,3.203158266,3.203158266,0,2020,1
256,3.729500018,3.729500018,0,2020,1
257,4.815280137,4.815280137,0,2020,1
258,3.435160555,3.435160555,0,2020,1
259,2.838990413,2.838990413,0,2020,1
260,2.739438111,2.739438111,0,2020,1
261,2.01101422,2.01101422,0,2020,1
262,1.146436682,1.146436682,0,2020,1
263,0.89807627,0.89807627,0,2020,1
264,0.699118682,0.699118682,0,2020,1
265,0.779584179,0.779584179,0,2020,1
266,0.744095202,0.744095202,0,2020,1
267,0.887383337,0.887383337,0,2020,1
268,1.103584588,1.103584588,0,2020,1
269,1.255321209,1.255321209,0,2020,1
270,1.16791428,1.16791428,0,2020,1
271,2.304044104,2.304044104,0,2020,1
272,1.898753631,1.898753631,0,2020,1
273,3.025035622,3.025035622,0,2020,1
274,2.007919546,2.007919546,0,2020,1
275,2.093644619,2.093644619,0,2020,1
276,1.4804014,1.4804014,0,2020,1
277,1.160017723,1.160017723,0,2020,1
278,1.441793812,1.441793812,0,2020,1
279,1.664513687,1.664513687,0,2020,1
280,1.442934886,1.442934886,0,2020,1
281,1.916154495,1.916154495,0,2020,1
282,0.944913724,0.944913724,0,2020,1
283,0.888954902,0.888954902,0,2020,1
284,2.33464299,2.33464299,0,2020,1
285,0.281795319,0.281795319,0,2020,1
286,1.033533672,1.033533672,0,2020,1
287,1.070788556,1.070788556,0,2020,1
288,1.174920592,1.174920592,0,2020,1
289,1.553354535,1.553354535,0,2020,1
290,1.099528922,1.099528922,0,2020,1
291,0.726957,0.726957,0,2020,1
292,0.936883351,0.936883351,0,2020,1
293,0.469910036,0.469910036,0,2020,1
294,0.718135167,0.718135167,0,2020,1
295,0.789253748,0.789253748,0,2020,1
296,0.714167271,0.714167271,0,2020,1
297,1.315660166,1.315660166,0,2020,1
298,0.89322399,0.89322399,0,2020,1
299,0.075014411,0.075014411,0,2020,1
300,0.378150338,0.378150338,0,2020,1
301,0.33728412,0.33728412,0,2020,1
302,0.526648936,0.526648936,0,2020,1
303,0.493674572,0.493674572,0,2020,1
304,0.24358167,0.24358167,0,2020,1
305,0.269231522,0.269231522,0,2020,1
306,0.4568893,0.4568893,0,2020,1
307,0.299357063,0.299357063,0,2020,1
308,0.54284569,0.54284569,0,2020,1
309,0.755025869,0.755025869,0,2020,1
310,0.944194807,0.944194807,0,2020,1
311,0.479426441,0.479426441,0,2020,1
312,0.210029379,0.210029379,0,2020,1
313,0.343064534,0.343064534,0,2020,1
314,0.200418577,0.200418577,0,2020,1
315,0.881686417,0.881686417,0,2020,1
316,0.674833136,0.674833136,0,2020,1
317,0.626614251,0.626614251,0,2020,1
318,0.536990563,0.536990563,0,2020,1
319,0.440548892,0.440548892,0,2020,1
320,0.907461339,0.907461339,0,2020,1
321,0.708932037,0.708932037,0,2020,1
322,0.181459585,0.181459585,0,2020,1
323,0.162571407,0.162571407,0,2020,1
324,0.926714896,0.926714896,0,2020,1
325,1.027253354,1.027253354,0,2020,1
326,0.191895925,0.191895925,0,2020,1
327,0.250727347,0.250727347,0,2020,1
328,0.616105094,0.616105094,0,2020,1
329,0.465058121,0.465058121,0,2020,1
330,0.488923743,0.488923743,0,2020,1
331,0.749928669,0.749928669,0,2020,1
332,0.551510959,0.551510959,0,2020,1
333,0.409932217,0.409932217,0,2020,1
334,0.227143351,0.227143351,0,2020,1
335,0.258288009,0.258288009,0,2020,1
336,0.1821819,0.1821819,0,2020,1
337,0.471552922,0.471552922,0,2020,1
338,0.632118521,0.632118521,0,2020,1
339,0.478191688,0.478191688,0,2020,1
340,0.108939614,0.108939614,0,2020,1
341,0.035510993,0.035510993,0,2020,1
342,0.277039783,0.277039783,0,2020,1
343,0.28696353,0.28696353,0,2020,1
344,0.300356639,0.300356639,0,2020,1
345,0.214511479,0.214511479,0,2020,1
346,0.169079342,0.169079342,0,2020,1
347,0.316384344,0.316384344,0,2020,1
348,0.090292525,0.090292525,0,2020,1
349,0.17912174,0.17912174,0,2020,1
350,-0.114107099,-0.114107099,0,2020,1
351,0.004542084,0.004542084,0,2020,1
352,0.006765268,0.006765268,0,2020,1
353,-0.091319582,-0.091319582,0,2020,1
354,0.014436104,0.014436104,0,2020,1
355,0.062962811,0.062962811,0,2020,1
356,0.007849497,0.007849497,0,2020,1
357,-0.153182403,-0.153182403,0,2020,1
358,-0.043757031,-0.043757031,0,2020,1
359,0.32097127,0.32097127,0,2020,1
360,0.096718565,0.096718565,0,2020,1
361,0.155138804,0.155138804,0,2020,1
362,0.40731605,0.40731605,0,2020,1
363,0.563911213,0.563911213,0,2020,1
364,0.331681304,0.331681304,0,2020,1
365,0.70766603,0.70766603,0,2020,1
366,0.410991947,0.410991947,0,2020,1
1,0.291958386,0.291958386,0,2020,1
2,0.337779117,0.337779117,0,2020,1
3,0.344865101,0.344865101,0,2020,1
4,0.341763329,0.341763329,0,2020,1
5,0.438963078,0.438963078,0,2020,1
6,0.387976974,0.387976974,0,2020,1
7,0.529132372,0.529132372,0,2020,1
8,0.325738303,0.325738303,0,2020,1
9,0.555485463,0.555485463,0,2020,1
10,0.106175096,0.106175096,0,2020,1
11,0.002467838,0.002467838,0,2020,1
12,0.031540688,0.031540688,0,2020,1
13,0.250420401,0.250420401,0,2020,1
14,0.430973877,0.430973877,0,2020,1
15,0.517082131,0.517082131,0,2020,1
16,-0.028770234,-0.028770234,0,2020,1
17,0.210733018,0.210733018,0,2020,1
18,0.167410312,0.167410312,0,2020,1
19,0.170649886,0.170649886,0,2020,1
20,0.073110345,0.073110345,0,2020,1
21,0.281794272,0.281794272,0,2020,1
22,0.148178263,0.148178263,0,2020,1
23,0.048556391,0.048556391,0,2020,1
24,0.091094249,0.091094249,0,2020,1
25,0.155530894,0.155530894,0,2020,1
26,0.168647258,0.168647258,0,2020,1
27,0.085550636,0.085550636,0,2020,1
28,0.034527621,0.034527621,0,2020,1
29,0.045028978,0.045028978,0,2020,1
30,0.069395875,0.069395875,0,2020,1
31,0.069317294,0.069317294,0,2020,1
32,0.085718217,0.085718217,0,2020,1
33,0.122366273,0.122366273,0,2020,1
34,0.122957878,0.122957878,0,2020,1
35,0.174251353,0.174251353,0,2020,1
36,0.149804903,0.149804903,0,2020,1
37,0.043544641,0.043544641,0,2020,1
38,0.028931119,0.028931119,0,2020,1
39,0.02144209,0.02144209,0,2020,1
40,0.040133333,0.040133333,0,2020,1
41,0.031965306,0.031965306,0,2020,1
42,0.043370396,0.043370396,0,2020,1
43,0.026288287,0.026288287,0,2020,1
44,0.02682465,0.02682465,0,2020,1
45,0.035483546,0.035483546,0,2020,1
46,0.060149488,0.060149488,0,2020,1
47,0.032189147,0.032189147,0,2020,1
48,0.036302107,0.036302107,0,2020,1
49,0.079093992,0.079093992,0,2020,1
50,0.084633659,0.084633659,0,2020,1
51,0.08223038,0.08223038,0,2020,1
52,0.06021377,0.06021377,0,2020,1
53,0.285748719,0.285748719,0,2020,1
54,0.379073736,0.379073736,0,2020,1
55,0.548322048,0.548322048,0,2020,1
56,0.281582958,0.281582958,0,2020,1
57,0.212412854,0.212412854,0,2020,1
58,0.28152578,0.28152578,0,2020,1
59,0.428316645,0.428316645,0,2020,1
60,0.137981,0.137981,0,2020,1
61,0.241009147,0.241009147,0,2020,1
62,0.276282438,0.276282438,0,2020,1
63,-0.145900607,-0.145900607,0,2020,1
64,0.000539857,0.000539857,0,2020,1
65,-0.272032628,-0.272032628,0,2020,1
66,-0.075176139,-0.075176139,0,2020,1
67,0.294785339,0.294785339,0,2020,1
68,0.538924288,0.538924288,0,2020,1
69,0.494707351,0.494707351,0,2020,1
70,1.761998063,1.761998063,0,2020,1
71,-0.105301448,-0.105301448,0,2020,1
72,-0.290259834,-0.290259834,0,2020,1
73,-0.476012626,-0.476012626,0,2020,1
74,0.348336438,0.348336438,0,2020,1
75,0.260491499,0.260491499,0,2020,1
76,-0.059617114,-0.059617114,0,2020,1
77,0.197423596,0.197423596,0,2020,1
78,0.23455133,0.23455133,0,2020,1
79,0.148550447,0.148550447,0,2020,1
80,0.37817114,0.37817114,0,2020,1
81,0.351354257,0.351354257,0,2020,1
82,0.382784669,0.382784669,0,2020,1
83,0.520697278,0.520697278,0,2020,1
84,0.53624289,0.53624289,0,2020,1
85,0.27256721,0.27256721,0,2020,1
86,0.087583872,0.087583872,0,2020,1
87,0.321660375,0.321660375,0,2020,1
88,0.388399507,0.388399507,0,2020,1
89,0.86095306,0.86095306,0,2020,1
90,0.454741756,0.454741756,0,2020,1
91,-0.182243292,-0.182243292,0,2020,1
92,-0.103804455,-0.103804455,0,2020,1
93,-0.086733363,-0.086733363,0,2020,1
94,0.283827844,0.283827844,0,2020,1
95,0.037769306,0.037769306,0,2020,1
96,-0.410442899,-0.410442899,0,2020,1
97,-0.088383053,-0.088383053,0,2020,1
98,-0.036780958,-0.036780958,0,2020,1
99,0.344513347,0.344513347,0,2020,1
100,0.003780267,0.003780267,0,2020,1
101,0.420601426,0.420601426,0,2020,1
102,0.174407761,0.174407761,0,2020,1
103,0.489074896,0.489074896,0,2020,1
104,0.971117021,0.971117021,0,2020,1
105,0.484042804,0.484042804,0,2020,1
106,0.306046469,0.306046469,0,2020,1
107,0.030264884,0.030264884,0,2020,1
108,0.352981403,0.352981403,0,2020,1
109,0.120522351,0.120522351,0,2020,1
110,0.279374448,0.279374448,0,2020,1
111,-0.280235938,-0.280235938,0,2020,1
112,-0.010385448,-0.010385448,0,2020,1
113,0.198709435,0.198709435,0,2020,1
114,0.291604,0.291604,0,2020,1
115,-0.230857466,-0.230857466,0,2020,1
116,0.076356987,0.076356987,0,2020,1
117,-0.54584135,-0.54584135,0,2020,1
118,0.744892952,0.744892952,0,2020,1
119,0.645094346,0.645094346,0,2020,1
120,0.332526896,0.332526896,0,2020,1
121,2.554097284,2.554097284,0,2018,3
122,3.301623936,3.301623936,0,2018,3
123,3.015119263,3.015119263,0,2018,3
124,2.369946267,2.369946267,0,2018,3
125,2.058439201,2.058439201,0,2018,3
126,2.127087527,2.127087527,0,2018,3
127,2.610905443,2.610905443,0,2018,3
128,2.742133339,2.742133339,0,2018,3
129,2.827980722,2.827980722,0,2018,3
130,2.721704677,2.721704677,0,2018,3
131,0.57152322,0.57152322,0,2018,3
132,0.411532235,0.411532235,0,2018,3
133,1.521603111,1.521603111,0,2018,3
134,1.718091308,1.718091308,0,2018,3
135,2.801073958,2.801073958,0,2018,3
136,2.652937006,2.652937006,0,2018,3
137,2.142808751,2.142808751,0,2018,3
138,3.005656131,2.306382293,0.699273839,2018,3
139,2.252743664,2.646885603,-0.394141939,2018,3
140,2.858065135,2.201665873,0.656399262,2018,3
141,2.846059097,2.49688508,0.349174017,2018,3
142,1.716415467,2.192303247,-0.47588778,2018,3
143,2.655551641,3.017528321,-0.361976679,2018,3
144,2.894140462,3.450248852,-0.556108391,2018,3
145,3.386623144,3.969825038,-0.583201895,2018,3
146,3.655605246,4.101779409,-0.446174163,2018,3
147,3.374404504,3.909088034,-0.534683531,2018,3
148,3.658838592,4.24293519,-0.584096598,2018,3
149,3.490556438,4.087963442,-0.597407004,2018,3
150,3.04780916,4.29561807,-1.24780891,2018,3
151,3.613391437,4.272034016,-0.658642579,2018,3
152,3.29918608,4.002555064,-0.703368984,2018,3
153,1.948393206,2.720927842,-0.772534636,2018,3
154,2.477375806,3.055311174,-0.577935368,2018,3
155,1.499260794,2.19212804,-0.692867246,2018,3
156,1.142064155,1.396233308,-0.254169153,2018,3
157,1.746122167,1.944214739,-0.198092572,2018,3
158,1.786718513,2.927383111,-1.140664598,2018,3
159,1.807571764,3.279119666,-1.471547902,2018,3
160,1.979211514,3.106790108,-1.127578594,2018,3
161,1.178371555,3.337559089,-2.159187533,2018,3
162,0.780483645,3.142514434,-2.362030789,2018,3
163,1.710051468,3.602224328,-1.89217286,2018,3
164,1.003125398,4.248414678,-3.24528928,2018,3
165,-0.022530181,3.56982497,-3.592355151,2018,3
166,-0.005421122,3.736869303,-3.742290425,2018,3
167,0.3860524,4.096499797,-3.710447397,2018,3
168,0.405754725,4.991118022,-4.585363297,2018,3
169,0.851750845,5.182563187,-4.330812342,2018,3
170,-0.52285797,4.823195395,-5.346053365,2018,3
171,-0.327201291,4.448571129,-4.775772421,2018,3
172,-1.884180212,4.889200131,-6.773380343,2018,3
173,-0.178223341,4.362678263,-4.540901604,2018,3
174,2.980351085,4.666349794,-1.685998709,2018,3
175,1.201087586,4.443513277,-3.242425691,2018,3
176,-2.225768774,4.685576917,-6.911345691,2018,3
177,-2.240714858,4.981159481,-7.221874339,2018,3
178,0.935346651,5.934008822,-4.99866217,2018,3
179,-3.252454281,7.015202578,-10.26765686,2018,3
180,-5.229637515,7.364124663,-12.59376218,2018,3
181,-5.341001333,9.533630324,-14.87463166,2018,3
182,-8.838282055,9.197839193,-18.03612125,2018,3
183,-9.731139715,8.939839541,-18.67097926,2018,3
184,-7.964851373,8.124527303,-16.08937868,2018,3
185,-9.280139122,8.675591568,-17.95573069,2018,3
186,-8.624192623,9.374764134,-17.99895676,2018,3
187,-9.190827063,6.297921552,-15.48874861,2018,3
188,-9.621558881,6.518735556,-16.14029444,2018,3
189,-12.22971441,6.727075343,-18.95678975,2018,3
190,-12.29586244,7.346373361,-19.6422358,2018,3
191,-11.48328082,7.399299716,-18.88258054,2018,3
192,-10.38794795,6.463679127,-16.85162708,2018,3
193,-11.09476808,6.657619636,-17.75238772,2018,3
194,-8.119864509,7.586632563,-15.70649707,2018,3
195,-2.266074072,7.43682569,-9.702899762,2018,3
196,-9.830553378,7.840068779,-17.67062216,2018,3
197,-7.658618051,7.593213182,-15.25183123,2018,3
198,-13.16536023,6.922202698,-20.08756293,2018,3
199,-11.81472203,5.780429312,-17.59515135,2018,3
200,-12.0373273,5.776540428,-17.81386773,2018,3
201,-11.03043107,7.164114267,-18.19454533,2018,3
202,-4.876090271,7.330844972,-12.20693524,2018,3
203,-1.72444341,5.60943554,-7.33387895,2018,3
204,-8.36546946,7.445688003,-15.81115746,2018,3
205,-9.058115265,7.021337675,-16.07945294,2018,3
206,-12.7597158,7.112129745,-19.87184555,2018,3
207,-10.41886928,6.171744752,-16.59061403,2018,3
208,-10.20808079,6.832622375,-17.04070317,2018,3
209,-7.082337182,6.543111584,-13.62544877,2018,3
210,-11.45186224,7.090954136,-18.54281637,2018,3
211,-10.74075963,6.949549091,-17.69030872,2018,3
212,-10.20158053,6.744909877,-16.94649041,2018,3
213,-5.239601741,7.373492774,-12.61309452,2018,3
214,-12.13034775,6.703057317,-18.83340506,2018,3
215,-12.0386014,6.908475068,-18.94707647,2018,3
216,-13.2754246,7.239437133,-20.51486174,2018,3
217,-10.75529217,7.919564939,-18.6748571,2018,3
218,-10.88973043,8.41762762,-19.30735805,2018,3
219,-6.611135643,8.035877736,-14.64701338,2018,3
220,-2.28143777,7.510462628,-9.791900398,2018,3
221,-10.31144734,7.328452247,-17.63989959,2018,3
222,-12.63627876,7.524336303,-20.16061507,2018,3
223,-10.22416698,7.077712989,-17.30187997,2018,3
224,-9.601982547,7.820476756,-17.4224593,2018,3
225,-7.242096709,8.248620985,-15.49071769,2018,3
226,-9.978512338,8.418220584,-18.39673292,2018,3
227,-10.06066159,8.417158281,-18.47781987,2018,3
228,-6.911985583,8.201449555,-15.11343514,2018,3
229,-2.699243921,8.77172422,-11.47096814,2018,3
230,-4.936244979,8.122937278,-13.05918226,2018,3
231,-7.553681051,7.713319787,-15.26700084,2018,3
232,-5.18432793,7.415222041,-12.59954997,2018,3
233,3.439031254,8.062447511,-4.623416257,2018,3
234,-5.917593802,6.901575067,-12.81916887,2018,3
235,-8.972550632,7.313482012,-16.28603264,2018,3
236,-8.23651995,6.418431201,-14.65495115,2018,3
237,0.845894063,7.524661037,-6.678766975,2018,3
238,-6.556359671,8.880839451,-15.43719912,2018,3
239,-0.707645869,9.336598684,-10.04424455,2018,3
240,-5.579064885,10.64686856,-16.22593344,2018,3
241,-2.766955116,9.411997639,-12.17895275,2018,3
242,-6.714283554,6.09999845,-12.814282,2018,3
243,-7.173214173,6.363821584,-13.53703576,2018,3
244,-5.418180179,7.887836504,-13.30601668,2018,3
245,-2.196832427,10.10741542,-12.30424785,2018,3
246,-4.196251309,9.061082922,-13.25733423,2018,3
247,-4.611410839,8.655122206,-13.26653304,2018,3
248,-2.896504643,9.282992872,-12.17949752,2018,3
249,-2.209272686,7.555521646,-9.764794332,2018,3
250,-3.793648146,5.650717152,-9.444365298,2018,3
251,-3.563317422,3.486109624,-7.049427046,2018,3
252,-1.952987571,2.629095643,-4.582083215,2018,3
253,0.130898976,2.933908124,-2.803009147,2018,3
254,-1.888196431,4.563194907,-6.451391338,2018,3
255,-1.75784759,4.481516983,-6.239364573,2018,3
256,-0.420308177,5.518130644,-5.938438821,2018,3
257,-0.147446824,6.371430441,-6.518877265,2018,3
258,1.381364827,6.51076832,-5.129403492,2018,3
259,0.953912141,6.65348406,-5.699571919,2018,3
260,0.631040769,6.069328323,-5.438287554,2018,3
261,0.961077253,5.445709451,-4.484632198,2018,3
262,-0.237696558,4.170344555,-4.408041113,2018,3
263,1.246536532,3.634988718,-2.388452186,2018,3
264,2.971005112,5.580847115,-2.609842003,2018,3
265,-0.010527085,2.298284386,-2.308811471,2018,3
266,0.328281887,2.42163339,-2.093351504,2018,3
267,1.669627073,2.636219812,-0.966592739,2018,3
268,3.870533438,4.296965265,-0.426431827,2018,3
269,2.209239908,3.637556674,-1.428316766,2018,3
270,0.750681948,1.994941849,-1.244259902,2018,3
271,0.600483303,2.15011432,-1.549631017,2018,3
272,0.369128698,1.661521125,-1.292392428,2018,3
273,1.090419348,1.444744363,-0.354325015,2018,3
274,0.895938021,1.279116497,-0.383178476,2018,3
275,1.612417074,1.89511613,-0.282699056,2018,3
276,1.241548568,2.105037445,-0.863488877,2018,3
277,1.323619707,2.651486313,-1.327866606,2018,3
278,0.20882609,1.101260504,-0.892434414,2018,3
279,1.340500697,2.155750354,-0.815249657,2018,3
280,0.803115364,1.899453479,-1.096338115,2018,3
281,0.707567641,1.528974707,-0.821407066,2018,3
282,2.041833344,3.543923837,-1.502090492,2018,3
283,2.358037578,3.638510036,-1.280472458,2018,3
284,1.737318968,2.572693537,-0.835374569,2018,3
285,0.0769484,0.918085042,-0.841136642,2018,3
286,-0.355179198,0.799474657,-1.154653855,2018,3
287,-0.356174124,1.564095991,-1.920270115,2018,3
288,0.932594169,1.456563422,-0.523969253,2018,3
289,-0.36635886,1.432194307,-1.798553167,2018,3
290,-0.246007498,1.03103883,-1.277046328,2018,3
291,-0.50953808,0.826019065,-1.335557145,2018,3
292,0.007962652,1.728846287,-1.720883635,2018,3
293,-0.09509794,1.21460553,-1.30970347,2018,3
294,-0.525172635,0.59405795,-1.119230585,2018,3
295,-0.812546623,0.774698936,-1.587245559,2018,3
296,-0.440628925,0.6167251,-1.057354025,2018,3
297,-0.479520026,0.524165107,-1.003685133,2018,3
298,-0.743151127,0.675200454,-1.418351582,2018,3
299,0.061099706,0.74139912,-0.680299414,2018,3
300,0.19951408,0.552329163,-0.352815084,2018,3
301,-0.018813433,0.557912702,-0.576726135,2018,3
302,-0.464857716,0.660115833,-1.124973549,2018,3
303,0.529355155,0.85812435,-0.328769195,2018,3
304,1.481157086,1.621064601,-0.139907515,2018,3
305,1.11814859,1.308231726,-0.190083136,2018,3
306,0.86445365,1.246816666,-0.382363016,2018,3
307,0.71791779,1.00444468,-0.28652689,2018,3
308,0.501008713,0.926201436,-0.425192722,2018,3
309,1.333007743,1.507967873,-0.17496013,2018,3
310,1.417062197,1.684697,-0.267634803,2018,3
311,0.933175996,1.176291871,-0.243115876,2018,3
312,0.593774927,0.936302726,-0.342527799,2018,3
313,0.605004087,0.807929445,-0.202925358,2018,3
314,0.622500353,0.66779289,-0.045292536,2018,3
315,0.385779525,0.841463019,-0.455683493,2018,3
316,0.790393654,1.394857552,-0.604463898,2018,3
317,0.798471543,0.94021435,-0.141742807,2018,3
318,0.564989586,0.878228137,-0.31323855,2018,3
319,0.605496463,0.718810869,-0.113314406,2018,3
320,1.178279982,1.320984304,-0.142704322,2018,3
321,0.810978922,0.884537707,-0.073558785,2018,3
322,0.442924905,0.518355436,-0.07543053,2018,3
323,0.450921537,0.50407107,-0.053149533,2018,3
324,0.392521403,0.439518814,-0.046997411,2018,3
325,0.583316856,0.539135423,0.044181433,2018,3
326,0.041096249,0.069942536,-0.028846288,2018,3
327,0.464124668,0.446376706,0.017747963,2018,3
328,0.724332299,0.738204639,-0.01387234,2018,3
329,0.678584295,0.951768524,-0.273184228,2018,3
330,0.792375457,0.803133671,-0.010758213,2018,3
331,0.498538683,0.537275467,-0.038736784,2018,3
332,0.52386413,0.548830202,-0.024966072,2018,3
333,0.476708806,0.501137356,-0.02442855,2018,3
334,0.499817928,0.519318255,-0.019500327,2018,3
335,0.627670023,0.645630401,-0.017960379,2018,3
336,1.237901382,1.257993227,-0.020091846,2018,3
337,0.710880459,0.729251194,-0.018370735,2018,3
338,0.275498874,0.313410607,-0.037911732,2018,3
339,0.30745063,0.336593082,-0.029142453,2018,3
340,0.354666712,0.372787375,-0.018120663,2018,3
341,0.096987917,0.128598013,-0.031610096,2018,3
342,0.330189259,0.306797235,0.023392024,2018,3
343,0.293450394,0.324336561,-0.030886167,2018,3
344,0.309700069,0.508289873,-0.198589804,2018,3
345,0.057569813,0.137516499,-0.079946686,2018,3
346,0.285088634,0.400903267,-0.115814633,2018,3
347,0.328017187,0.436878612,-0.108861425,2018,3
348,0.501012287,0.579447062,-0.078434775,2018,3
349,0.373576167,0.488850704,-0.115274538,2018,3
350,0.226679142,0.417095156,-0.190416015,2018,3
351,0.481083676,0.485965717,-0.004882042,2018,3
352,0.068811183,0.251565843,-0.18275466,2018,3
353,0.230002906,0.375771405,-0.145768499,2018,3
354,0.396404736,0.48870204,-0.092297304,2018,3
355,0.465346669,0.548183571,-0.082836902,2018,3
356,0.227241042,0.212833912,0.01440713,2018,3
357,0.209133799,0.260101952,-0.050968154,2018,3
358,0.314258153,0.39394992,-0.079691767,2018,3
359,0.405759076,0.486466854,-0.080707778,2018,3
360,0.407860046,0.520527076,-0.112667029,2018,3
361,0.321807342,0.432136962,-0.11032962,2018,3
362,1.717962013,1.765698128,-0.047736116,2018,3
363,0.064411885,0.279286443,-0.214874558,2018,3
364,0.303017755,0.357255973,-0.054238218,2018,3
365,0.503111501,0.607857717,-0.104746216,2018,3
1,0.181815732,0.276722371,-0.094906638,2018,3
2,0.066529307,0.157574949,-0.091045642,2018,3
3,0.43426831,0.445292926,-0.011024616,2018,3
4,0.471248757,0.60795434,-0.136705583,2018,3
5,0.106766755,0.396039664,-0.289272909,2018,3
6,0.04688474,0.333436726,-0.286551987,2018,3
7,-0.009131374,0.176767324,-0.185898698,2018,3
8,0.668639295,0.795692334,-0.127053039,2018,3
9,0.204367952,0.291058469,-0.086690517,2018,3
10,0.034327803,0.127999638,-0.093671835,2018,3
11,0.068730682,0.197919376,-0.129188694,2018,3
12,0.178654085,0.267953507,-0.089299422,2018,3
13,0.075459832,0.053350995,0.022108836,2018,3
14,-0.165461996,-0.03691259,-0.128549406,2018,3
15,-0.148802313,0.042452019,-0.191254332,2018,3
16,-0.052646743,0.042167205,-0.094813948,2018,3
17,-0.074225483,-0.022421339,-0.051804144,2018,3
18,0.025844842,0.070221517,-0.044376674,2018,3
19,-0.119498807,-0.081069413,-0.038429394,2018,3
20,-0.033162256,0.08183811,-0.115000367,2018,3
21,0.116034442,0.11701114,-0.000976698,2018,3
22,-0.117981788,-0.035502251,-0.082479537,2018,3
23,-0.518179773,-0.497625097,-0.020554676,2018,3
24,-0.355447601,-0.273085105,-0.082362496,2018,3
25,-0.142685988,-0.070208937,-0.072477051,2018,3
26,-0.11271135,-0.017978276,-0.094733075,2018,3
27,-0.115218989,-0.032222563,-0.082996426,2018,3
28,-0.068677675,-0.024918835,-0.04375884,2018,3
29,-0.107390847,-0.046875191,-0.060515656,2018,3
30,0.087089596,0.143424399,-0.056334803,2018,3
31,0.010728978,0.069865759,-0.05913678,2018,3
32,-0.089533632,0.026389768,-0.1159234,2018,3
33,-0.136998703,-0.026623874,-0.11037483,2018,3
34,0.152269728,-0.040899169,0.193168897,2018,3
35,-0.199366489,-0.34448984,0.145123351,2018,3
36,-0.607332816,-0.204267001,-0.403065815,2018,3
37,-0.263813111,-0.242031175,-0.021781936,2018,3
38,-0.192240988,-0.15791471,-0.034326278,2018,3
39,-0.4513126,-0.38029345,-0.07101915,2018,3
40,-0.305199651,-0.156663393,-0.148536258,2018,3
41,-0.16648185,-0.145437442,-0.021044408,2018,3
42,0.091918521,0.155504204,-0.063585683,2018,3
43,-0.034628786,-0.004241319,-0.030387467,2018,3
44,-0.114127899,-0.037642033,-0.076485867,2018,3
45,-0.220791473,-0.128987379,-0.091804094,2018,3
46,-0.366556429,-0.218882309,-0.14767412,2018,3
47,-0.140295201,-0.08009849,-0.060196712,2018,3
48,-0.042300969,-0.003037113,-0.039263857,2018,3
49,0.092486808,0.0800545,0.012432308,2018,3
50,-0.018300199,0.015960477,-0.034260676,2018,3
51,0.10551039,0.067763423,0.037746967,2018,3
52,0.114905085,0.133324459,-0.018419374,2018,3
53,0.0623368,0.049239148,0.013097652,2018,3
54,0.04410801,0.020262159,0.023845851,2018,3
55,0.061990962,0.071335008,-0.009344047,2018,3
56,-0.025357519,-0.004803676,-0.020553843,2018,3
57,0.005280648,0.07072418,-0.065443532,2018,3
58,0.039639787,0.059755258,-0.020115471,2018,3
59,-0.000239579,0.03745078,-0.037690359,2018,3
60,0.048794543,0.10708952,-0.058294977,2018,3
61,0.1116846,0.180485379,-0.068800779,2018,3
62,0.036360276,0.092584251,-0.056223974,2018,3
63,-0.01259673,0.068583697,-0.081180427,2018,3
64,0.261835606,0.3330147,-0.071179094,2018,3
65,0.083638601,0.125054597,-0.041415995,2018,3
66,-0.024763921,0.041304269,-0.06606819,2018,3
67,0.017295031,0.070313964,-0.053018932,2018,3
68,0.266015161,0.212185885,0.053829276,2018,3
69,0.530849859,0.513114933,0.017734926,2018,3
70,0.172725908,0.281719987,-0.108994079,2018,3
71,0.197883744,0.226850935,-0.028967191,2018,3
72,0.302789547,0.36610453,-0.063314983,2018,3
73,0.615071883,0.619054551,-0.003982668,2018,3
74,0.566804861,0.596249674,-0.029444813,2018,3
75,0.24997764,0.292810857,-0.042833217,2018,3
76,0.219771182,0.307613639,-0.087842456,2018,3
77,0.209298258,0.347673573,-0.138375315,2018,3
78,0.334277903,0.433160635,-0.098882731,2018,3
79,0.50582602,0.604436029,-0.098610009,2018,3
80,0.535465713,0.667569113,-0.132103399,2018,3
81,0.438253104,0.527685608,-0.089432503,2018,3
82,0.077486109,0.557012376,-0.479526267,2018,3
83,0.552415338,0.961414714,-0.408999375,2018,3
84,0.164679844,0.565132747,-0.400452904,2018,3
85,0.043382159,0.514233091,-0.470850932,2018,3
86,0.326283063,0.662672986,-0.336389924,2018,3
87,0.695698201,0.89047559,-0.194777389,2018,3
88,0.306922424,0.81159133,-0.504668906,2018,3
89,0.616336182,0.648229035,-0.031892853,2018,3
90,0.41013189,0.442515196,-0.032383306,2018,3
91,0.497089413,0.400611026,0.096478388,2018,3
92,0.639064365,0.693956029,-0.054891665,2018,3
93,0.707583162,0.751904094,-0.044320932,2018,3
94,0.299233205,0.568766551,-0.269533346,2018,3
95,0.368320248,0.578147882,-0.209827634,2018,3
96,0.851086644,1.127983762,-0.276897118,2018,3
97,0.814882055,1.197445514,-0.382563459,2018,3
98,1.18107746,1.188632078,-0.007554618,2018,3
99,0.719652868,0.994086313,-0.274433445,2018,3
100,0.321614063,0.831755431,-0.510141369,2018,3
101,0.578842791,0.655668332,-0.076825541,2018,3
102,1.185435938,1.374902482,-0.189466545,2018,3
103,0.621181407,1.108506537,-0.48732513,2018,3
104,0.697602779,0.747273187,-0.049670408,2018,3
105,0.385683288,0.702157709,-0.316474421,2018,3
106,0.51842501,0.647139798,-0.128714788,2018,3
107,0.672083352,0.961510456,-0.289427104,2018,3
108,1.062600037,1.239440657,-0.17684062,2018,3
109,1.054096821,1.112211846,-0.058115025,2018,3
110,0.919961905,0.960941005,-0.0409791,2018,3
111,1.121380517,1.209872963,-0.088492446,2018,3
112,1.335143175,1.271073831,0.064069344,2018,3
113,1.128428946,1.332758031,-0.204329086,2018,3
114,0.639166096,1.527491918,-0.888325822,2018,3
115,1.019725227,1.616017033,-0.596291805,2018,3
116,1.709751773,1.847735974,-0.137984202,2018,3
117,0.438486237,1.043415503,-0.604929267,2018,3
118,-0.113739124,1.181939747,-1.295678871,2018,3
119,0.576642256,0.946384899,-0.369742644,2018,3
120,0.458154843,1.203229709,-0.745074866,2018,3
121,0.350707845,0.350707845,0,2019,3
122,0.728496394,0.728496394,0,2019,3
123,0.715796444,0.715796444,0,2019,3
124,1.039890595,1.039890595,0,2019,3
125,0.764456038,0.764456038,0,2019,3
126,0.774137779,0.774137779,0,2019,3
127,1.165924408,1.165924408,0,2019,3
128,0.671791842,0.671791842,0,2019,3
129,0.637780498,0.637780498,0,2019,3
130,0.433552281,0.433552281,0,2019,3
131,-0.110537694,-0.110537694,0,2019,3
132,0.271795882,0.271795882,0,2019,3
133,0.08474686,0.08474686,0,2019,3
134,-0.16648336,-0.16648336,0,2019,3
135,0.142690141,0.142690141,0,2019,3
136,0.464296887,0.464296887,0,2019,3
137,0.616251938,0.616251938,0,2019,3
138,0.393095902,0.393095902,0,2019,3
139,0.489143062,0.489143062,0,2019,3
140,1.272222458,1.272222458,0,2019,3
141,-0.200632149,-0.200632149,0,2019,3
142,0.742165639,0.742165639,0,2019,3
143,1.95984318,1.95984318,0,2019,3
144,1.732471621,1.732471621,0,2019,3
145,2.673059842,2.673059842,0,2019,3
146,3.107965563,3.107965563,0,2019,3
147,2.606519112,2.606519112,0,2019,3
148,1.402053211,1.402053211,0,2019,3
149,2.061425352,2.061425352,0,2019,3
150,2.657803286,2.657803286,0,2019,3
151,1.846740325,3.50856432,-1.661823995,2019,3
152,3.182851574,4.376959806,-1.194108232,2019,3
153,2.123768813,2.860483565,-0.736714753,2019,3
154,0.810298579,1.774767852,-0.964469272,2019,3
155,1.900363726,2.570625036,-0.670261311,2019,3
156,2.912166655,3.46822399,-0.556057335,2019,3
157,2.515711437,3.720344275,-1.204632838,2019,3
158,2.667671141,3.898375455,-1.230704314,2019,3
159,2.267424792,4.03543582,-1.768011028,2019,3
160,1.929709802,3.772313081,-1.842603279,2019,3
161,2.572391999,3.219508639,-0.64711664,2019,3
162,2.17097212,2.696155844,-0.525183724,2019,3
163,1.794748516,2.767252891,-0.972504376,2019,3
164,1.660604226,2.419535246,-0.75893102,2019,3
165,1.866543635,2.869840704,-1.003297068,2019,3
166,2.443314489,3.233910558,-0.790596069,2019,3
167,2.716518288,3.135115466,-0.418597178,2019,3
168,2.321973842,3.407804866,-1.085831024,2019,3
169,2.963791267,3.979726792,-1.015935525,2019,3
170,2.117900522,3.829000122,-1.7110996,2019,3
171,1.572843329,3.4138425,-1.840999171,2019,3
172,2.120311115,3.310965847,-1.190654732,2019,3
173,1.42696395,3.702574883,-2.275610933,2019,3
174,2.471413867,3.965262093,-1.493848226,2019,3
175,2.465890347,4.579520209,-2.113629862,2019,3
176,2.355274756,4.707330893,-2.352056137,2019,3
177,2.32078597,4.981076916,-2.660290946,2019,3
178,2.765426937,4.908520372,-2.143093435,2019,3
179,1.86088603,4.121514599,-2.260628569,2019,3
180,2.700934245,5.274634825,-2.57370058,2019,3
181,1.711066103,4.926397773,-3.215331669,2019,3
182,1.47723522,4.987232662,-3.509997443,2019,3
183,2.611765849,5.773950989,-3.16218514,2019,3
184,1.554075709,5.63585453,-4.081778821,2019,3
185,1.413648351,5.925601271,-4.51195292,2019,3
186,0.546021422,6.649439406,-6.103417984,2019,3
187,1.042066432,6.907130147,-5.865063715,2019,3
188,-0.11529736,6.173489106,-6.288786466,2019,3
189,-1.248802118,5.472366475,-6.721168593,2019,3
190,-1.796297268,5.865166456,-7.661463724,2019,3
191,-1.289905953,6.291688432,-7.581594385,2019,3
192,-2.539803295,6.895614996,-9.435418291,2019,3
193,-2.78526545,6.16462257,-8.94988802,2019,3
194,-4.162404264,6.689934878,-10.85233914,2019,3
195,-4.089968619,7.21879367,-11.30876229,2019,3
196,-3.056164185,6.924031586,-9.980195771,2019,3
197,-4.469939354,8.452833524,-12.92277288,2019,3
198,-0.865895867,9.21707967,-10.08297554,2019,3
199,-4.959996514,9.077587207,-14.03758372,2019,3
200,-5.327062834,9.669944028,-14.99700686,2019,3
201,-3.907462465,9.761961376,-13.66942384,2019,3
202,-6.392497792,8.684070164,-15.07656796,2019,3
203,-4.528781281,8.244658974,-12.77344026,2019,3
204,-8.775385417,6.801688093,-15.57707351,2019,3
205,-6.204897043,7.282899275,-13.48779632,2019,3
206,-6.874051837,7.548686269,-14.42273811,2019,3
207,-6.169084008,8.161462009,-14.33054602,2019,3
208,-4.460541513,8.493880179,-12.95442169,2019,3
209,-5.948518942,8.999425223,-14.94794417,2019,3
210,-4.191831628,8.65213455,-12.84396618,2019,3
211,-5.615226977,8.607736189,-14.22296317,2019,3
212,-8.108885329,7.04908714,-15.15797247,2019,3
213,-4.160878767,7.49151225,-11.65239102,2019,3
214,-4.418101738,7.097343305,-11.51544504,2019,3
215,-4.988778385,6.947707913,-11.9364863,2019,3
216,-4.501078182,7.18400789,-11.68508607,2019,3
217,-6.819218719,7.029651459,-13.84887018,2019,3
218,-3.970694215,7.592003081,-11.5626973,2019,3
219,-7.231230995,7.299949086,-14.53118008,2019,3
220,-6.722123386,6.401761273,-13.12388466,2019,3
221,-7.599435892,6.131660507,-13.7310964,2019,3
222,-7.900253361,5.474742797,-13.37499616,2019,3
223,-6.486089183,6.133936453,-12.62002564,2019,3
224,-4.50596692,7.467690057,-11.97365698,2019,3
225,-4.709086674,7.29500858,-12.00409525,2019,3
226,-5.823226115,7.128503709,-12.95172982,2019,3
227,-4.096836311,6.669020698,-10.76585701,2019,3
228,-3.089096764,7.648913904,-10.73801067,2019,3
229,-5.46171044,8.496546258,-13.9582567,2019,3
230,-3.738855736,8.626886096,-12.36574183,2019,3
231,-6.877702412,8.64927351,-15.52697592,2019,3
232,-5.182266426,8.173348791,-13.35561522,2019,3
233,-4.982265951,9.475014899,-14.45728085,2019,3
234,-5.414602906,8.1134799,-13.52808281,2019,3
235,-5.477375602,6.496585354,-11.97396096,2019,3
236,-4.443162971,7.027173936,-11.47033691,2019,3
237,-4.329677729,6.891950982,-11.22162871,2019,3
238,-4.20901499,7.939677762,-12.14869275,2019,3
239,4.507248813,9.223262103,-4.71601329,2019,3
240,-4.061482571,8.727299641,-12.78878221,2019,3
241,-4.962522942,8.467923186,-13.43044613,2019,3
242,-5.684805673,7.833576542,-13.51838222,2019,3
243,-5.774644898,6.453478667,-12.22812356,2019,3
244,0.223196209,6.34310586,-6.119909651,2019,3
245,-3.260820305,7.736052503,-10.99687281,2019,3
246,-0.558491827,8.03436762,-8.592859447,2019,3
247,-2.086515036,6.517857846,-8.604372882,2019,3
248,-4.361329503,5.16949883,-9.530828333,2019,3
249,-1.173805754,5.08595209,-6.259757843,2019,3
250,-2.017149361,6.006878639,-8.024028,2019,3
251,-2.2087847,4.50412042,-6.71290512,2019,3
252,-0.853527135,4.520818627,-5.374345763,2019,3
253,0.805279948,6.173801172,-5.368521224,2019,3
254,3.035369649,7.38689871,-4.351529061,2019,3
255,1.61154408,4.676308349,-3.06476427,2019,3
256,2.394839297,4.927775251,-2.532935954,2019,3
257,2.304852592,4.735409482,-2.43055689,2019,3
258,2.32375503,3.284665018,-0.960909988,2019,3
259,2.439487003,3.807505719,-1.368018717,2019,3
260,2.408608591,4.09979571,-1.691187119,2019,3
261,2.86481991,4.006280536,-1.141460626,2019,3
262,3.385664382,4.314831167,-0.929166785,2019,3
263,3.770711658,4.750958191,-0.980246533,2019,3
264,4.895837159,5.50003956,-0.604202401,2019,3
265,5.403080741,6.075629398,-0.672548657,2019,3
266,4.568867156,4.981113774,-0.412246618,2019,3
267,3.092232366,3.752164571,-0.659932205,2019,3
268,3.633298634,4.320435768,-0.687137134,2019,3
269,2.729296685,3.419309004,-0.690012318,2019,3
270,2.595642997,3.228541821,-0.632898824,2019,3
271,3.621470226,3.99018932,-0.368719094,2019,3
272,1.514086932,2.126912521,-0.612825589,2019,3
273,1.887630437,2.94422094,-1.056590503,2019,3
274,4.618288916,6.75984453,-2.141555615,2019,3
275,3.212294477,3.643941038,-0.431646561,2019,3
276,1.661145835,2.077309487,-0.416163652,2019,3
277,1.31904576,2.140410822,-0.821365062,2019,3
278,1.036699823,1.702725775,-0.666025952,2019,3
279,2.380724076,2.522966087,-0.142242011,2019,3
280,1.997462121,2.089597178,-0.092135057,2019,3
281,1.187989884,1.699361142,-0.511371258,2019,3
282,1.089468816,1.729608236,-0.64013942,2019,3
283,1.100245178,1.690088615,-0.589843437,2019,3
284,1.205988885,1.812467306,-0.606478421,2019,3
285,1.184672855,1.171261813,0.013411043,2019,3
286,1.590136657,1.716450359,-0.126313702,2019,3
287,0.948487813,1.257148604,-0.308660792,2019,3
288,0.772086684,1.140119531,-0.368032847,2019,3
289,1.09675508,1.088361,0.008394079,2019,3
290,0.7382271,0.883708398,-0.145481298,2019,3
291,0.515377551,0.727516418,-0.212138867,2019,3
292,0.695862391,0.893255464,-0.197393073,2019,3
293,1.296500416,1.476074202,-0.179573787,2019,3
294,1.248157456,1.382468388,-0.134310932,2019,3
295,1.532130925,1.641229008,-0.109098084,2019,3
296,0.86394643,1.008870801,-0.144924371,2019,3
297,0.898414743,1.059542661,-0.161127919,2019,3
298,0.754770917,0.860659787,-0.10588887,2019,3
299,0.443841922,0.7801996,-0.336357678,2019,3
300,1.254499662,1.278247664,-0.023748002,2019,3
301,1.073101131,1.214386283,-0.141285152,2019,3
302,1.131505932,1.195418951,-0.063913019,2019,3
303,0.814279968,0.83404355,-0.019763583,2019,3
304,0.878466139,0.892987836,-0.014521696,2019,3
305,0.46444248,0.499833095,-0.035390616,2019,3
306,0.513915806,0.55427643,-0.040360624,2019,3
307,0.442833697,0.517351051,-0.074517354,2019,3
308,0.824102055,0.885926755,-0.0618247,2019,3
309,0.618661187,0.700382898,-0.081721711,2019,3
310,0.372833003,0.457151606,-0.084318604,2019,3
311,0.295588703,0.40030153,-0.104712827,2019,3
312,0.211248572,0.306656835,-0.095408262,2019,3
313,0.667786805,0.707655501,-0.039868696,2019,3
314,0.864038356,0.892677128,-0.028638773,2019,3
315,0.436782063,0.44938344,-0.012601378,2019,3
316,0.543065981,0.409142757,0.133923223,2019,3
317,0.331518199,0.362056399,-0.0305382,2019,3
318,0.784117149,0.768843751,0.015273398,2019,3
319,0.919616852,0.905381564,0.014235288,2019,3
320,0.705321585,0.632437785,0.0728838,2019,3
321,0.85221993,0.75927935,0.09294058,2019,3
322,1.226774067,1.199811247,0.02696282,2019,3
323,1.25653588,1.225208822,0.031327058,2019,3
324,1.448956713,1.402694916,0.046261797,2019,3
325,1.657711913,1.633282087,0.024429827,2019,3
326,1.315416347,1.261443066,0.053973281,2019,3
327,1.116692843,1.034621494,0.082071348,2019,3
328,1.256482523,1.199742369,0.056740154,2019,3
329,1.634026098,1.60421413,0.029811969,2019,3
330,1.899506116,1.829510015,0.069996101,2019,3
331,1.952285216,1.940242224,0.012042992,2019,3
332,1.15089189,1.100257692,0.050634198,2019,3
333,0.892451969,0.856651013,0.035800956,2019,3
334,0.830321365,0.775692913,0.054628452,2019,3
335,0.81031264,0.797370848,0.012941792,2019,3
336,0.808802284,0.757023137,0.051779147,2019,3
337,0.740829746,0.698455924,0.042373822,2019,3
338,1.145096215,1.10262757,0.042468644,2019,3
339,0.943033428,0.908715468,0.03431796,2019,3
340,0.927996395,0.870264093,0.057732302,2019,3
341,0.724997063,0.665264451,0.059732612,2019,3
342,1.292945584,1.239472336,0.053473248,2019,3
343,2.003595638,1.99454652,0.009049118,2019,3
344,1.06935634,1.042350955,0.027005386,2019,3
345,0.595823047,0.543673285,0.052149762,2019,3
346,0.625679664,0.587937229,0.037742435,2019,3
347,1.16696249,1.111864734,0.055097756,2019,3
348,1.197653354,1.185548969,0.012104386,2019,3
349,0.848636876,0.786298178,0.062338698,2019,3
350,0.737694243,0.685849713,0.05184453,2019,3
351,0.802497047,0.764260748,0.038236299,2019,3
352,0.47904284,0.417969188,0.061073653,2019,3
353,0.385765154,0.350488469,0.035276685,2019,3
354,0.517341003,0.459198701,0.058142303,2019,3
355,0.843348627,0.774971905,0.068376721,2019,3
356,1.247890106,1.179533314,0.068356792,2019,3
357,1.449114245,1.375218794,0.073895451,2019,3
358,0.980535106,0.9332693,0.047265806,2019,3
359,1.149077572,1.117109829,0.031967743,2019,3
360,1.244914644,1.230937322,0.013977321,2019,3
361,1.689327721,1.676934823,0.012392898,2019,3
362,1.198281737,1.147334632,0.050947105,2019,3
363,1.125791963,1.115265261,0.010526703,2019,3
364,1.431019507,1.407234494,0.023785013,2019,3
365,0.994555597,0.962463263,0.032092334,2019,3
1,0.597267457,0.608612427,-0.01134497,2019,3
2,1.135380394,1.147251497,-0.011871103,2019,3
3,1.209439074,1.213667665,-0.004228591,2019,3
4,0.871511851,0.876202687,-0.004690836,2019,3
5,0.743164169,0.751166334,-0.008002165,2019,3
6,0.743034483,0.758519551,-0.015485068,2019,3
7,0.61690991,0.634186585,-0.017276674,2019,3
8,0.437471606,0.455456386,-0.017984779,2019,3
9,0.372038801,0.387877002,-0.015838202,2019,3
10,1.313670317,1.315754609,-0.002084293,2019,3
11,1.420019663,1.421305455,-0.001285792,2019,3
12,0.512720231,0.528370522,-0.015650292,2019,3
13,0.658985059,0.66506923,-0.00608417,2019,3
14,0.799462936,0.813765389,-0.014302453,2019,3
15,0.702708002,0.904384089,-0.201676087,2019,3
16,0.712085441,0.715447464,-0.003362023,2019,3
17,0.500305943,0.482287745,0.018018198,2019,3
18,0.874200981,0.876760894,-0.002559914,2019,3
19,0.742167505,0.782191597,-0.040024092,2019,3
20,0.369946465,0.350759714,0.019186751,2019,3
21,0.432767114,0.399009809,0.033757305,2019,3
22,0.371538605,0.305745989,0.065792616,2019,3
23,0.366842922,0.334148551,0.032694371,2019,3
24,0.53034537,0.500588421,0.029756949,2019,3
25,0.516873358,0.509035355,0.007838003,2019,3
26,0.46512947,0.451037116,0.014092354,2019,3
27,0.541332719,0.472765678,0.068567041,2019,3
28,0.296960167,0.190238356,0.106721811,2019,3
29,0.280128413,0.283785364,-0.00365695,2019,3
30,0.279933777,0.273655092,0.006278685,2019,3
31,0.357424483,0.355172123,0.00225236,2019,3
32,0.380437046,0.398106425,-0.017669379,2019,3
33,0.459254845,0.457906773,0.001348073,2019,3
34,0.55900293,0.630798047,-0.071795117,2019,3
35,0.667791526,0.595465657,0.072325869,2019,3
36,0.264100235,0.285801855,-0.02170162,2019,3
37,0.21099228,0.219940701,-0.008948422,2019,3
38,0.271371382,0.237634863,0.033736519,2019,3
39,0.155583027,0.120867915,0.034715112,2019,3
40,0.270448319,0.240082761,0.030365558,2019,3
41,0.199338752,0.218121893,-0.018783141,2019,3
42,0.497182876,0.41904456,0.078138315,2019,3
43,0.568294965,0.577138366,-0.008843401,2019,3
44,0.693228795,0.558708679,0.134520116,2019,3
45,0.248297556,0.18838975,0.059907806,2019,3
46,0.404135875,0.312091271,0.092044604,2019,3
47,0.450257334,0.486878607,-0.036621272,2019,3
48,0.366559984,0.376076486,-0.009516502,2019,3
49,0.631591249,0.684957403,-0.053366153,2019,3
50,0.36812811,0.450927051,-0.082798941,2019,3
51,0.319751419,0.351372061,-0.031620642,2019,3
52,0.52063356,0.551681715,-0.031048156,2019,3
53,0.648173088,0.785498465,-0.137325377,2019,3
54,0.755219941,0.900066818,-0.144846877,2019,3
55,0.732213176,0.805907479,-0.073694303,2019,3
56,0.610295539,0.722804252,-0.112508713,2019,3
57,0.441761194,0.48016588,-0.038404686,2019,3
58,0.218224758,0.287036894,-0.068812136,2019,3
59,0.190956051,0.260432373,-0.069476321,2019,3
60,0.313419744,0.256297152,0.057122592,2019,3
61,0.336222888,0.385471359,-0.049248472,2019,3
62,0.689390139,0.734135951,-0.044745812,2019,3
63,0.659300571,0.682860258,-0.023559687,2019,3
64,0.510583582,0.603703414,-0.093119832,2019,3
65,0.602482967,0.717984986,-0.115502019,2019,3
66,0.67610901,0.686512633,-0.010403623,2019,3
67,0.318619698,0.375068602,-0.056448904,2019,3
68,0.708525426,0.820688262,-0.112162835,2019,3
69,0.7233163,0.978279663,-0.254963363,2019,3
70,0.770978794,0.773640104,-0.00266131,2019,3
71,0.3315733,0.47146658,-0.139893281,2019,3
72,0.42422854,0.5995302,-0.17530166,2019,3
73,0.55005013,0.685193288,-0.135143158,2019,3
74,0.346103528,0.460502502,-0.114398974,2019,3
75,0.032916586,0.438403396,-0.405486811,2019,3
76,0.136094648,0.493881396,-0.357786748,2019,3
77,0.396388613,0.637382049,-0.240993436,2019,3
78,0.260478356,0.520973356,-0.260495,2019,3
79,0.479106079,0.889871512,-0.410765434,2019,3
80,1.204374135,1.337639278,-0.133265143,2019,3
81,0.05736249,0.500163278,-0.442800789,2019,3
82,0.037917997,0.44682996,-0.408911963,2019,3
83,0.395694519,0.566696013,-0.171001494,2019,3
84,0.229267788,0.515479788,-0.286212,2019,3
85,0.300909727,0.669046199,-0.368136473,2019,3
86,0.545554283,0.779123365,-0.233569082,2019,3
87,0.343114602,0.729824084,-0.386709482,2019,3
88,0.544576142,0.798957478,-0.254381335,2019,3
89,0.853747358,1.098385336,-0.244637978,2019,3
90,0.569141594,0.753127016,-0.183985422,2019,3
91,0.485651601,0.769337811,-0.28368621,2019,3
92,0.131944673,1.116631112,-0.984686439,2019,3
93,0.174592833,1.238673385,-1.064080552,2019,3
94,-0.07082069,1.246543172,-1.317363862,2019,3
95,0.495229061,1.600887851,-1.10565879,2019,3
96,-0.381298979,1.30563451,-1.686933489,2019,3
97,-0.077015987,1.939106354,-2.01612234,2019,3
98,0.585855221,1.97400452,-1.388149298,2019,3
99,0.110543131,2.002707898,-1.892164767,2019,3
100,0.016975361,1.548325862,-1.531350501,2019,3
101,-0.450968953,1.170405166,-1.621374119,2019,3
102,-0.474511157,1.41262172,-1.887132877,2019,3
103,0.457496891,2.631465705,-2.173968814,2019,3
104,1.672851374,2.259683387,-0.586832013,2019,3
105,-0.709592542,1.139119366,-1.848711908,2019,3
106,-0.662701488,0.72597137,-1.388672858,2019,3
107,-0.540071898,0.662174556,-1.202246454,2019,3
108,-0.588033603,0.662058051,-1.250091654,2019,3
109,-0.83808774,1.044560203,-1.882647943,2019,3
110,-0.303911332,1.397755332,-1.701666664,2019,3
111,-0.941646777,1.224677032,-2.166323809,2019,3
112,-0.616184521,0.980619072,-1.596803593,2019,3
113,-1.415888196,0.705751724,-2.12163992,2019,3
114,-0.694625366,0.881334489,-1.575959855,2019,3
115,-0.505230683,1.269128375,-1.774359057,2019,3
116,-1.843964362,1.625976155,-3.469940517,2019,3
117,-0.650836661,1.637383848,-2.288220509,2019,3
118,-2.044067543,1.837327837,-3.88139538,2019,3
119,-0.73819491,2.097510573,-2.835705483,2019,3
120,1.174042659,2.270684806,-1.096642147,2019,3
121,0.808011321,2.902594059,-2.094582738,2020,4
122,-2.051213367,2.586638834,-4.6378522,2020,4
123,-0.958083501,2.740116244,-3.698199745,2020,4
124,-3.615010669,3.054741355,-6.669752024,2020,4
125,-3.630330531,2.002922839,-5.63325337,2020,4
126,-2.525628582,2.24762411,-4.773252692,2020,4
127,-3.309830686,2.643871596,-5.953702282,2020,4
128,-4.19256941,2.39346,-6.58602941,2020,4
129,-3.426707573,1.421756334,-4.848463907,2020,4
130,-1.725385828,1.49440449,-3.219790318,2020,4
131,-1.30407914,2.184354147,-3.488433287,2020,4
132,-2.956912761,1.827291008,-4.784203768,2020,4
133,-3.40985874,2.50067734,-5.910536079,2020,4
134,-3.464862147,3.652246381,-7.117108527,2020,4
135,1.264747748,4.365859131,-3.101111383,2020,4
136,1.897017349,6.111204133,-4.214186784,2020,4
137,-4.169879839,6.070996898,-10.24087674,2020,4
138,-0.292509092,5.79208214,-6.084591232,2020,4
139,3.846485967,5.810373894,-1.963887928,2020,4
140,-2.341118495,6.46227303,-8.803391526,2020,4
141,-4.970078383,6.473260128,-11.44333851,2020,4
142,-4.864452487,6.529115794,-11.39356828,2020,4
143,-3.292109431,7.024842234,-10.31695166,2020,4
144,-4.465688138,7.517844976,-11.98353311,2020,4
145,-6.740119273,7.920624059,-14.66074333,2020,4
146,-7.457268673,8.065380776,-15.52264945,2020,4
147,-6.925894554,8.03835431,-14.96424886,2020,4
148,-9.863344113,8.030990496,-17.89433461,2020,4
149,-2.151761191,7.774420858,-9.92618205,2020,4
150,-8.464298781,7.167639721,-15.6319385,2020,4
151,-7.664027502,5.002839112,-12.66686661,2020,4
152,-10.76147836,3.963383146,-14.7248615,2020,4
153,-11.88788961,4.766605052,-16.65449466,2020,4
154,-11.2439379,5.823908926,-17.06784682,2020,4
155,-9.83781954,5.652587781,-15.49040732,2020,4
156,-11.53594002,5.678228919,-17.21416894,2020,4
157,-10.24660089,5.784703014,-16.0313039,2020,4
158,-10.43640328,5.460579711,-15.89698299,2020,4
159,-11.90879331,5.301338953,-17.21013227,2020,4
160,-10.28279319,5.623922443,-15.90671563,2020,4
161,-9.51786553,6.1864912,-15.70435673,2020,4
162,-4.107566809,6.259767216,-10.36733403,2020,4
163,-8.811997082,5.768207267,-14.58020435,2020,4
164,-11.68554383,4.438080476,-16.12362431,2020,4
165,-11.70067484,4.467677415,-16.16835226,2020,4
166,-11.89700399,4.605935828,-16.50293982,2020,4
167,-11.40571182,5.031991653,-16.43770347,2020,4
168,-11.02696182,5.379876865,-16.40683868,2020,4
169,-8.752335836,5.711494558,-14.46383039,2020,4
170,-9.802862488,6.045066332,-15.84792882,2020,4
171,-4.690778684,6.089187243,-10.77996593,2020,4
172,-7.020203561,6.324425691,-13.34462925,2020,4
173,-7.695411412,6.309863958,-14.00527537,2020,4
174,-4.635652039,6.290093258,-10.9257453,2020,4
175,0.269229534,6.064217064,-5.794987529,2020,4
176,-6.550908809,5.442480914,-11.99338972,2020,4
177,-8.742498892,5.553862316,-14.29636121,2020,4
178,-7.117264308,5.926001974,-13.04326628,2020,4
179,-4.862202942,6.223195067,-11.08539801,2020,4
180,-6.011492624,6.041875832,-12.05336846,2020,4
181,-5.271088,6.260031796,-11.5311198,2020,4
182,-5.022591568,6.293437894,-11.31602946,2020,4
183,-4.028879629,6.276942597,-10.30582223,2020,4
184,-5.073101042,6.431052674,-11.50415372,2020,4
185,-4.445159552,6.403468231,-10.84862778,2020,4
186,-3.538250619,6.152948751,-9.69119937,2020,4
187,-2.401756625,5.993721292,-8.395477917,2020,4
188,0.091997349,6.206469939,-6.114472591,2020,4
189,0.6372931,6.247571025,-5.610277925,2020,4
190,1.471965484,6.329594445,-4.857628961,2020,4
191,3.274153376,6.296718666,-3.022565289,2020,4
192,3.914663611,6.230845508,-2.316181897,2020,4
193,4.091245289,6.175099287,-2.083853997,2020,4
194,2.818454594,5.842557278,-3.024102684,2020,4
195,2.178677629,5.653226332,-3.474548704,2020,4
196,3.608931302,5.692414716,-2.083483414,2020,4
197,4.52758028,5.796368076,-1.268787796,2020,4
198,5.221864598,5.935032733,-0.713168135,2020,4
199,5.235582168,6.108749442,-0.873167274,2020,4
200,4.821708936,5.779565396,-0.957856461,2020,4
201,5.196323908,5.792238825,-0.595914917,2020,4
202,3.25689993,5.245264336,-1.988364406,2020,4
203,3.044198853,4.810627049,-1.766428196,2020,4
204,4.039879297,4.974620324,-0.934741027,2020,4
205,3.347968822,5.098326847,-1.750358025,2020,4
206,2.507233521,4.139138518,-1.631904997,2020,4
207,2.869014196,4.011907477,-1.142893281,2020,4
208,3.066766516,4.046960846,-0.98019433,2020,4
209,2.477406422,3.72692367,-1.249517248,2020,4
210,2.787205962,3.485723685,-0.698517723,2020,4
211,2.576203269,3.478699048,-0.902495779,2020,4
212,1.323316853,3.241633437,-1.918316584,2020,4
213,2.299735186,2.299735186,0,2020,4
214,2.107956094,2.107956094,0,2020,4
215,2.855269496,2.855269496,0,2020,4
216,3.063705702,3.063705702,0,2020,4
217,2.774395085,2.774395085,0,2020,4
218,1.763163001,1.763163001,0,2020,4
219,2.549418808,2.549418808,0,2020,4
220,3.282438978,3.282438978,0,2020,4
221,3.653248567,3.653248567,0,2020,4
222,2.79499066,2.79499066,0,2020,4
223,3.412574885,3.412574885,0,2020,4
224,1.612894283,1.612894283,0,2020,4
225,2.049592814,2.049592814,0,2020,4
226,2.311792944,2.311792944,0,2020,4
227,2.393367406,2.393367406,0,2020,4
228,2.634718455,2.634718455,0,2020,4
229,2.280075823,2.280075823,0,2020,4
230,0.910452258,0.910452258,0,2020,4
231,-0.878180489,-0.878180489,0,2020,4
232,-0.615915664,-0.615915664,0,2020,4
233,0.738128028,0.738128028,0,2020,4
234,1.914916362,3.697494074,-1.782577712,2020,4
235,2.013883815,3.715036028,-1.701152213,2020,4
236,2.041176248,4.081333279,-2.04015703,2020,4
237,2.010716885,4.237117341,-2.226400456,2020,4
238,1.611474638,3.912331266,-2.300856628,2020,4
239,1.807413053,3.097943392,-1.290530339,2020,4
240,2.384286127,3.94290168,-1.558615553,2020,4
241,1.575380853,3.423853725,-1.848472872,2020,4
242,2.011406031,3.528223471,-1.516817441,2020,4
243,1.009234178,3.08593007,-2.076695892,2020,4
244,1.008184837,3.314539821,-2.306354984,2020,4
245,2.268430023,3.949054633,-1.68062461,2020,4
246,2.317795552,3.829336663,-1.511541112,2020,4
247,1.223723164,3.341874651,-2.118151488,2020,4
248,0.58770095,2.697817029,-2.110116079,2020,4
249,0.822685084,2.55211868,-1.729433596,2020,4
250,0.095147857,2.783501172,-2.688353316,2020,4
251,1.282298907,3.410845766,-2.128546859,2020,4
252,1.668022377,2.60980378,-0.941781403,2020,4
253,1.427686344,3.078335063,-1.65064872,2020,4
254,0.0498861,3.133895528,-3.084009428,2020,4
255,-1.726450175,3.027554341,-4.754004516,2020,4
256,-0.5026228,3.464727467,-3.967350267,2020,4
257,-0.064427115,4.499188248,-4.563615363,2020,4
258,-1.16124557,2.981852071,-4.143097641,2020,4
259,-2.804760667,2.865117839,-5.669878505,2020,4
260,-3.110172146,4.035162904,-7.14533505,2020,4
261,-1.827542916,3.225251971,-5.052794887,2020,4
262,-1.904560253,2.21872918,-4.123289433,2020,4
263,-2.153662027,2.112325446,-4.265987473,2020,4
264,-1.803506461,2.494718774,-4.298225236,2020,4
265,-2.934680018,2.71393441,-5.648614428,2020,4
266,-3.225756422,2.950308436,-6.176064857,2020,4
267,-1.778008279,3.829929509,-5.607937788,2020,4
268,-2.318406197,3.891604346,-6.210010542,2020,4
269,-2.398287452,4.062475193,-6.460762645,2020,4
270,-3.430696604,4.002316745,-7.43301335,2020,4
271,-2.87742325,4.632042154,-7.509465404,2020,4
272,-1.836801981,4.364818035,-6.201620015,2020,4
273,-3.369440774,3.161636729,-6.531077504,2020,4
274,-2.167019924,2.680545649,-4.847565573,2020,4
275,-3.246986777,2.712037734,-5.959024512,2020,4
276,-1.874433834,2.260337377,-4.134771211,2020,4
277,-2.163737011,1.902323759,-4.066060771,2020,4
278,0.416718395,2.134188634,-1.717470239,2020,4
279,-3.341774681,2.356175855,-5.697950536,2020,4
280,-4.244880206,3.118096877,-7.362977084,2020,4
281,-1.263638205,3.411412949,-4.675051154,2020,4
282,-2.674464689,2.58343529,-5.257899979,2020,4
283,-3.442173916,3.207547538,-6.649721454,2020,4
284,1.202933885,3.878000652,-2.675066767,2020,4
285,-2.962626736,2.139082149,-5.101708885,2020,4
286,-0.09896925,3.137973721,-3.236942971,2020,4
287,-3.079144734,2.691393171,-5.770537905,2020,4
288,-2.892699854,2.552679462,-5.445379316,2020,4
289,1.786571157,2.605127282,-0.818556125,2020,4
290,-2.647436552,1.625542712,-4.272979263,2020,4
291,-3.292320911,1.563170597,-4.855491508,2020,4
292,0.634195709,2.316307954,-1.682112246,2020,4
293,0.140693116,1.73605075,-1.595357634,2020,4
294,-2.583129425,1.924769701,-4.507899126,2020,4
295,-0.541799211,2.449348103,-2.991147314,2020,4
296,0.345935656,2.092045216,-1.74610956,2020,4
297,-2.319142603,3.686482758,-6.005625361,2020,4
298,-1.292702716,1.718584721,-3.011287437,2020,4
299,-2.170053997,1.564380829,-3.734434825,2020,4
300,-0.491933193,1.689277837,-2.181211031,2020,4
301,-0.035906639,1.442672848,-1.478579486,2020,4
302,-3.20799662,1.628863433,-4.836860053,2020,4
303,-0.613825623,1.550913221,-2.164738844,2020,4
304,-0.584184511,1.004754284,-1.588938795,2020,4
305,-2.804881214,1.029516759,-3.834397974,2020,4
306,-1.315931463,1.448205578,-2.764137041,2020,4
307,-2.861005428,1.10209772,-3.963103148,2020,4
308,-1.328875773,1.452572144,-2.781447918,2020,4
309,-1.256122963,2.422345513,-3.678468477,2020,4
310,-1.308379037,2.746388432,-4.054767469,2020,4
311,-1.810343573,2.543019978,-4.353363551,2020,4
312,-2.092242069,2.64555908,-4.737801149,2020,4
313,-1.464947023,2.688585066,-4.153532089,2020,4
314,-1.303299507,2.895014402,-4.198313908,2020,4
315,-0.682431325,3.53038719,-4.212818515,2020,4
316,-0.604922026,2.664595418,-3.269517444,2020,4
317,-2.297884407,1.546014832,-3.843899239,2020,4
318,-0.274063871,1.409924346,-1.683988217,2020,4
319,-1.686836544,1.460055403,-3.146891947,2020,4
320,1.607687752,2.024436679,-0.416748927,2020,4
321,0.23095846,1.366799564,-1.135841104,2020,4
322,0.02593526,1.010242381,-0.98430712,2020,4
323,-0.023671559,0.817936357,-0.841607915,2020,4
324,-0.188105979,2.054930763,-2.243036743,2020,4
325,-0.442702063,2.473834218,-2.91653628,2020,4
326,-0.019650785,1.142342622,-1.161993406,2020,4
327,0.150102027,0.875920068,-0.725818041,2020,4
328,1.090884479,1.124972943,-0.034088464,2020,4
329,-0.773943839,0.812424201,-1.58636804,2020,4
330,0.339570354,1.115410829,-0.775840474,2020,4
331,1.13767883,1.514474124,-0.376795294,2020,4
332,0.308000202,1.260239211,-0.952239009,2020,4
333,-0.786407375,1.091082564,-1.877489939,2020,4
334,-0.689045165,1.294325755,-1.983370919,2020,4
335,0.722664747,1.139412071,-0.416747323,2020,4
336,0.171170362,0.782637815,-0.611467453,2020,4
337,0.892212469,0.948388603,-0.056176134,2020,4
338,0.28007647,0.946421141,-0.666344671,2020,4
339,0.675663539,0.879413784,-0.203750245,2020,4
340,-0.02389563,0.515735523,-0.539631153,2020,4
341,0.152769972,0.447176794,-0.294406823,2020,4
342,0.314488652,0.468857423,-0.154368771,2020,4
343,0.362756827,0.557316513,-0.194559685,2020,4
344,0.803630292,0.910087761,-0.106457468,2020,4
345,-0.274306049,0.708702974,-0.983009023,2020,4
346,0.099303229,0.87650526,-0.777202031,2020,4
347,1.071281796,1.159141641,-0.087859845,2020,4
348,0.231630671,0.729075975,-0.497445304,2020,4
349,0.491722844,0.857002311,-0.365279467,2020,4
350,0.329159102,0.577644594,-0.248485492,2020,4
351,0.172439279,0.372604811,-0.200165531,2020,4
352,0.119373473,0.423754071,-0.304380597,2020,4
353,0.073970186,0.480347144,-0.406376958,2020,4
354,0.45497611,0.642395615,-0.187419506,2020,4
355,0.460030108,0.746367513,-0.286337405,2020,4
356,-0.276587783,0.390758877,-0.667346661,2020,4
357,-0.014520965,0.33384123,-0.348362195,2020,4
358,-0.352866229,0.356616401,-0.709482631,2020,4
359,0.672407029,0.73979209,-0.067385061,2020,4
360,0.215108147,0.384997385,-0.169889238,2020,4
361,0.441179898,0.385887855,0.055292042,2020,4
362,0.468892462,0.463453233,0.005439229,2020,4
363,0.696958851,0.716866814,-0.019907963,2020,4
364,0.630287525,0.611932631,0.018354894,2020,4
365,0.861052707,0.87675892,-0.015706213,2020,4
366,0.533458445,0.749092608,-0.215634164,2020,4
1,0.56161073,0.597761715,-0.036150984,2020,4
2,0.658123819,0.703978979,-0.04585516,2020,4
3,0.653855723,0.712463203,-0.05860748,2020,4
4,0.765643432,0.790682171,-0.025038739,2020,4
5,0.777928992,0.814956204,-0.037027212,2020,4
6,0.680293903,0.738500342,-0.058206439,2020,4
7,0.619389757,0.708691297,-0.08930154,2020,4
8,0.418330312,0.53062155,-0.112291238,2020,4
9,0.674780792,0.76800802,-0.093227228,2020,4
10,0.572287102,0.678216441,-0.105929339,2020,4
11,0.370287001,0.449317084,-0.079030083,2020,4
12,0.349172143,0.402815891,-0.053643748,2020,4
13,0.462531484,0.512675258,-0.050143774,2020,4
14,0.482829769,0.596046818,-0.113217049,2020,4
15,0.574377422,0.667147594,-0.092770172,2020,4
16,0.136566049,0.434685182,-0.298119133,2020,4
17,0.139207765,0.46977338,-0.330565615,2020,4
18,0.325315066,0.495379626,-0.17006456,2020,4
19,0.505504429,0.583036422,-0.077531993,2020,4
20,0.661661321,0.664839492,-0.00317817,2020,4
21,0.517778833,0.835942665,-0.318163831,2020,4
22,0.452608814,0.566808978,-0.114200164,2020,4
23,0.546356466,0.478857938,0.067498528,2020,4
24,0.481303352,0.518982293,-0.037678941,2020,4
25,0.628869315,0.68276469,-0.053895376,2020,4
26,0.670346809,0.709269728,-0.038922919,2020,4
27,0.546445496,0.566668853,-0.020223358,2020,4
28,0.676186042,0.645022635,0.031163406,2020,4
29,0.39328161,0.514194359,-0.120912749,2020,4
30,0.529408797,0.676510036,-0.147101238,2020,4
31,0.600001566,0.703424641,-0.103423075,2020,4
32,0.40923387,0.659669264,-0.250435395,2020,4
33,0.703264104,0.836191745,-0.132927641,2020,4
34,0.917993354,1.080347112,-0.162353758,2020,4
35,0.479163738,0.751871804,-0.272708066,2020,4
36,0.7920652,0.865882627,-0.073817427,2020,4
37,0.476615982,0.571476178,-0.094860197,2020,4
38,0.517171434,0.541015724,-0.02384429,2020,4
39,0.322304838,0.37874847,-0.056443632,2020,4
40,0.440538977,0.549383545,-0.108844568,2020,4
41,0.376410938,0.49359687,-0.117185932,2020,4
42,0.421306425,0.565337024,-0.144030599,2020,4
43,0.112717497,0.144817149,-0.032099653,2020,4
44,0.143896961,0.181864748,-0.037967788,2020,4
45,0.1375279,0.168934935,-0.031407035,2020,4
46,0.111938313,0.191401813,-0.0794635,2020,4
47,0.259347086,0.253896395,0.005450691,2020,4
48,0.186475319,0.154660167,0.031815152,2020,4
49,0.282333749,0.259098028,0.023235722,2020,4
50,0.289951967,0.255409468,0.034542498,2020,4
51,0.333972064,0.251665717,0.082306347,2020,4
52,0.325700122,0.198055382,0.12764474,2020,4
53,0.384747051,0.378848766,0.005898285,2020,4
54,0.64323497,0.630792461,0.012442508,2020,4
55,0.806785025,0.666925696,0.139859329,2020,4
56,0.572299813,0.604125599,-0.031825786,2020,4
57,0.484571372,0.570363148,-0.085791776,2020,4
58,0.666631219,0.785015722,-0.118384502,2020,4
59,0.819339224,0.893896825,-0.074557602,2020,4
60,0.508374078,0.595802653,-0.087428574,2020,4
61,0.460129816,0.483189095,-0.023059279,2020,4
62,0.556082878,0.788545261,-0.232462383,2020,4
63,0.340835909,0.449353872,-0.108517963,2020,4
64,0.522225096,0.503176888,0.019048209,2020,4
65,0.273440343,0.371815357,-0.098375014,2020,4
66,0.236294875,0.315477945,-0.07918307,2020,4
67,0.502416784,0.712066349,-0.209649565,2020,4
68,0.410974516,0.888878216,-0.477903701,2020,4
69,0.543180844,1.10399964,-0.560818796,2020,4
70,0.667768396,2.161854672,-1.494086276,2020,4
71,0.085151646,1.097368872,-1.012217227,2020,4
72,-0.19031476,0.894439679,-1.08475444,2020,4
73,0.17456688,0.758846511,-0.584279631,2020,4
74,0.091887148,0.585183936,-0.493296788,2020,4
75,0.371560342,0.756170206,-0.384609864,2020,4
76,0.212463449,0.948134817,-0.735671369,2020,4
77,0.272864789,0.890046545,-0.617181756,2020,4
78,-0.018394925,0.766057898,-0.784452823,2020,4
79,-0.25523922,1.003750644,-1.258989864,2020,4
80,0.023698907,1.263651977,-1.23995307,2020,4
81,0.096468283,1.58111793,-1.484649647,2020,4
82,0.225601702,1.595570422,-1.36996872,2020,4
83,0.584472318,1.736621373,-1.152149055,2020,4
84,-0.057690807,2.037388422,-2.095079229,2020,4
85,0.418830926,1.143426553,-0.724595628,2020,4
86,0.357906632,1.052107675,-0.694201043,2020,4
87,0.525459056,0.955058829,-0.429599773,2020,4
88,-0.493674929,0.855175874,-1.348850803,2020,4
89,-0.810842676,1.933058736,-2.743901412,2020,4
90,-0.642212229,1.245471718,-1.887683947,2020,4
91,-0.174551073,0.781260278,-0.955811351,2020,4
92,-0.46643858,0.787931608,-1.254370187,2020,4
93,-0.450785238,0.971388292,-1.42217353,2020,4
94,0.10501694,1.695258302,-1.590241362,2020,4
95,-0.073607217,1.595393941,-1.669001159,2020,4
96,-0.486384121,1.939211514,-2.425595636,2020,4
97,-0.845704853,2.243528653,-3.089233506,2020,4
98,-0.463374665,2.671725314,-3.13509998,2020,4
99,-0.003763011,2.798744419,-2.802507431,2020,4
100,-0.934752344,2.900118239,-3.834870583,2020,4
101,0.608108363,2.601801188,-1.993692825,2020,4
102,0.499269384,1.920383156,-1.421113773,2020,4
103,-2.46332186,2.023042088,-4.486363948,2020,4
104,-2.127500419,1.900630409,-4.028130827,2020,4
105,-2.210541276,1.343955563,-3.554496839,2020,4
106,-0.775736979,1.374527323,-2.150264302,2020,4
107,-1.931510171,1.875404997,-3.806915167,2020,4
108,-3.024439832,2.086421134,-5.110860966,2020,4
109,-2.06892892,2.11695196,-4.185880881,2020,4
110,-1.160892146,1.231830809,-2.392722955,2020,4
111,-1.09035475,1.127412505,-2.217767255,2020,4
112,-1.047567406,1.273389192,-2.320956597,2020,4
113,-1.824222549,2.567730017,-4.391952565,2020,4
114,-2.668432886,3.075982915,-5.7444158,2020,4
115,-1.004798906,1.881020787,-2.885819693,2020,4
116,-3.370648657,1.374036197,-4.744684854,2020,4
117,-2.922066446,2.273843099,-5.195909545,2020,4
118,-1.208330571,2.541458152,-3.749788724,2020,4
119,1.064413451,1.955286689,-0.890873238,2020,4
120,-1.650248354,1.622040391,-3.272288745,2020,4
